equip,mode,start,end,duration_min,n_points,peak_mae,peak_ratio,mean_mae,mean_ratio,dist_to_failure_days,category
B-0302C,uni,2024-02-02 04:56:00,2024-02-02 05:55:00,59.0,60,0.01305879,1.472,0.004529595794285714,0.511,209.79,far
B-0302C,uni,2024-02-08 07:59:00,2024-02-08 09:40:00,101.0,102,0.025078006,2.827,0.005681247683571429,0.64,203.67,far
B-0302C,uni,2024-02-08 12:08:00,2024-02-08 13:51:00,103.0,104,0.022666415,2.555,0.005502915883684211,0.62,203.49,far
B-0302C,uni,2024-02-08 16:57:00,2024-02-08 17:47:00,50.0,51,0.026537832,2.992,0.008870475432786887,1.0,203.29,far
B-0302C,uni,2024-02-08 17:50:00,2024-02-08 17:51:00,1.0,2,0.00777457,0.876,0.004268431299999999,0.481,203.26,far
B-0302C,uni,2024-02-11 22:18:00,2024-02-11 22:20:00,2.0,3,0.013121199,1.479,0.009884317192307692,1.114,200.07,far
B-0302C,uni,2024-02-11 22:22:00,2024-02-11 22:27:00,5.0,6,0.009983849,1.126,0.00943082365625,1.063,200.07,far
B-0302C,uni,2024-02-11 22:29:00,2024-02-11 23:29:00,60.0,61,0.010859307,1.224,0.004268494404507042,0.481,200.06,far
B-0302C,uni,2024-02-11 23:31:00,2024-02-11 23:33:00,2.0,3,0.00106686,0.12,0.0009632648076923077,0.109,200.02,far
B-0302C,uni,2024-02-16 00:27:00,2024-02-16 07:11:00,404.0,405,0.017894255,2.017,0.009696424035180723,1.093,195.98,far
B-0302C,uni,2024-02-16 23:13:00,2024-02-17 00:24:00,71.0,72,0.012542518,1.414,0.006993163325609756,0.788,195.03,far
B-0302C,uni,2024-02-17 02:00:00,2024-02-17 02:27:00,27.0,28,0.00957188,1.079,0.007822674081578948,0.882,194.92,far
B-0302C,uni,2024-02-19 23:38:00,2024-02-20 00:15:00,37.0,38,0.009592281,1.081,0.00763908540625,0.861,192.02,far
B-0302C,uni,2024-02-20 00:17:00,2024-02-20 00:22:00,5.0,6,0.008772405,0.989,0.00716103610625,0.807,191.99,far
B-0302C,uni,2024-02-20 00:24:00,2024-02-20 00:36:00,12.0,13,0.008772405,0.989,0.0070705912739130435,0.797,191.98,far
B-0302C,uni,2024-02-21 11:54:00,2024-02-21 13:20:00,86.0,87,0.011312798,1.275,0.007749496307216495,0.874,190.5,far
B-24001B,uni,2024-11-21 00:37:00,2024-11-21 02:30:00,113.0,114,0.026413169,2.355,0.010525211847580646,0.938,45.97,far
B-24001B,uni,2024-11-22 17:02:00,2024-11-22 17:32:00,30.0,31,0.021873629,1.95,0.012475270609756096,1.112,44.29,far
B-24001B,uni,2024-11-22 17:37:00,2024-11-22 18:56:00,79.0,80,0.021873629,1.95,0.008318542100777777,0.742,44.27,far
B-24001B,uni,2024-11-27 12:25:00,2024-11-27 16:10:00,225.0,226,0.037123848,3.31,0.015473728319067796,1.38,39.48,far
B-24001B,uni,2024-11-27 16:16:00,2024-11-27 16:16:00,0.0,1,0.0015137732,0.135,0.0014205751999999997,0.127,39.32,far
B-24001B,uni,2024-11-27 18:40:00,2024-11-28 00:08:00,328.0,329,0.035144605,3.133,0.012307666060471975,1.097,39.22,far
B-24001B,uni,2024-11-28 00:12:00,2024-11-28 00:15:00,3.0,4,0.014665458,1.308,0.008869120942857142,0.791,38.99,far
B-24001B,uni,2024-11-28 01:03:00,2024-11-28 02:03:00,60.0,61,0.018393004,1.64,0.008044899223943665,0.717,38.96,far
B-24001B,uni,2024-11-28 07:58:00,2024-11-28 09:07:00,69.0,70,0.02209863,1.97,0.014363332282499999,1.281,38.67,far
B-24001B,uni,2024-11-28 09:19:00,2024-11-28 09:50:00,31.0,32,0.009281318,0.828,0.007625008773809523,0.68,38.61,far
B-24001B,uni,2024-11-28 10:17:00,2024-11-28 12:05:00,108.0,109,0.021983342,1.96,0.010346737006722687,0.923,38.57,far
B-24001B,uni,2024-11-29 05:21:00,2024-11-29 06:09:00,48.0,49,0.030097494,2.683,0.016371297918644067,1.46,37.78,far
B-24001B,uni,2024-11-29 06:14:00,2024-11-29 09:47:00,213.0,214,0.029217923,2.605,0.011826605986160714,1.054,37.74,far
B-24001B,uni,2024-11-29 16:24:00,2024-11-29 18:46:00,142.0,143,0.019696323,1.756,0.011175511926143791,0.996,37.32,far
B-24001B,uni,2024-11-29 18:48:00,2024-11-29 19:07:00,19.0,20,0.0037275741,0.332,0.00291042843,0.259,37.22,far
B-24001B,uni,2024-11-29 19:10:00,2024-11-29 19:10:00,0.0,1,0.0037275741,0.332,0.0018186392909090908,0.162,37.2,far
B-24001B,uni,2024-11-29 19:12:00,2024-11-29 19:18:00,6.0,7,0.002338768,0.209,0.0014904520470588236,0.133,37.2,far
B-24001B,uni,2024-11-30 17:44:00,2024-12-02 15:48:00,2764.0,2765,0.020782921,1.853,0.011812789857477477,1.053,36.26,far
B-24001B,uni,2024-12-02 16:11:00,2024-12-02 16:45:00,34.0,35,0.014437382,1.287,0.007504470541444445,0.669,34.33,far
B-24001B,uni,2024-12-03 11:41:00,2024-12-03 12:41:00,60.0,61,0.014549185,1.297,0.00753417953943662,0.672,33.51,far
B-24001B,uni,2024-12-03 21:48:00,2024-12-03 23:29:00,101.0,102,0.016812734,1.499,0.007378760773214285,0.658,33.09,far
B-24001B,uni,2024-12-04 07:26:00,2024-12-04 08:12:00,46.0,47,0.016804459,1.498,0.01010245513859649,0.901,32.69,far
B-24001B,uni,2024-12-18 14:12:00,2024-12-18 15:09:00,57.0,58,0.014559772,1.298,0.007357894466176472,0.656,18.41,far
B-24001B,uni,2024-12-19 02:49:00,2024-12-19 03:49:00,60.0,61,0.016161596,1.441,0.008611689916901408,0.768,17.88,far
B-24001B,uni,2024-12-19 15:53:00,2024-12-19 16:52:00,59.0,60,0.016324343,1.455,0.00835346947857143,0.745,17.34,far
B-24001B,uni,2024-12-19 18:30:00,2024-12-19 22:47:00,257.0,258,0.029013956,2.587,0.012833113331343283,1.144,17.23,far
B-24001B,uni,2024-12-20 00:47:00,2024-12-20 03:50:00,183.0,184,0.027726771,2.472,0.011884243877835052,1.06,16.97,far
B-24001B,uni,2024-12-20 04:56:00,2024-12-20 05:56:00,60.0,61,0.01441805,1.286,0.008057891163380284,0.718,16.79,far
B-24001B,uni,2024-12-20 08:35:00,2024-12-20 12:49:00,254.0,255,0.024812033,2.212,0.011716288447924527,1.045,16.64,far
B-24001B,uni,2024-12-20 13:49:00,2024-12-20 14:00:00,11.0,12,0.011645859,1.038,0.007398896627272727,0.66,16.42,far
B-24001B,uni,2024-12-27 12:13:00,2024-12-27 13:41:00,88.0,89,0.020425735,1.821,0.009151531858585858,0.816,9.49,near_10d
B-24001B,uni,2024-12-27 14:46:00,2024-12-27 16:40:00,114.0,115,0.024680125,2.2,0.011229246783999999,1.001,9.38,near_10d
B-24001B,uni,2024-12-28 03:50:00,2024-12-28 05:50:00,120.0,121,0.016702717,1.489,0.009039601509160305,0.806,8.84,near_10d
B-24001B,uni,2024-12-30 03:39:00,2024-12-30 05:28:00,109.0,110,0.020000301,1.783,0.008404933580833333,0.749,6.85,near_10d
B-24001B,uni,2024-12-30 21:25:00,2024-12-30 22:30:00,65.0,66,0.020384854,1.817,0.009028416732894735,0.805,6.11,near_10d
B-24001B,uni,2024-12-31 03:59:00,2024-12-31 10:00:00,361.0,362,0.030566161,2.725,0.01208733841612903,1.078,5.83,near_10d
B-24001B,uni,2024-12-31 23:11:00,2025-01-01 01:06:00,115.0,116,0.018853512,1.681,0.009830337783333334,0.876,5.03,near_10d
B-24001B,uni,2025-02-10 12:14:00,2025-02-10 19:24:00,430.0,431,0.021362197,1.905,0.012241255629251702,1.091,35.51,far
B-24001B,uni,2025-02-10 19:38:00,2025-02-10 19:45:00,7.0,8,0.013314623,1.187,0.010993449888888888,0.98,35.82,far
B-24001B,uni,2025-02-10 19:51:00,2025-02-10 20:37:00,46.0,47,0.013476664,1.202,0.005380055473157895,0.48,35.83,far
B-24001B,uni,2025-02-11 13:56:00,2025-02-11 15:01:00,65.0,66,0.01639895,1.462,0.003149868011710526,0.281,36.58,far
B-24001B,uni,2025-02-14 10:57:00,2025-02-14 12:24:00,87.0,88,0.02061204,1.838,0.005196453299183674,0.463,39.46,far
B-24001B,uni,2025-02-17 13:56:00,2025-02-17 14:07:00,11.0,12,0.021460386,1.913,0.008334696950000001,0.743,42.58,far
B-24001B,uni,2025-02-17 14:22:00,2025-02-17 14:31:00,9.0,10,0.0031036998,0.277,0.0028048257649999995,0.25,42.6,far
B-24001B,uni,2025-02-28 13:47:00,2025-02-28 15:20:00,93.0,94,0.030334784,2.705,0.012192164920846156,1.087,53.57,far
B-3403C,uni,2023-03-25 04:18:00,2023-03-25 05:15:00,57.0,58,0.0076619587,1.309,0.006734608583823529,1.15,170.82,far
B-3403C,uni,2023-03-25 05:18:00,2023-03-25 05:35:00,17.0,18,0.00672207,1.148,0.005058351453571429,0.864,170.78,far
B-3403C,uni,2023-03-25 05:37:00,2023-03-25 05:39:00,2.0,3,0.0054984223,0.939,0.004983802092307693,0.851,170.77,far
B-3403C,uni,2023-03-25 05:41:00,2023-03-25 06:08:00,27.0,28,0.0058840453,1.005,0.0049500438105263165,0.846,170.76,far
B-3403C,uni,2023-03-25 06:14:00,2023-03-25 06:14:00,0.0,1,0.005885907,1.005,0.005090384645454546,0.87,170.74,far
B-3403C,uni,2023-03-25 06:45:00,2023-03-25 07:15:00,30.0,31,0.0064463485,1.101,0.0047626636634146334,0.814,170.72,far
B-3403C,uni,2023-03-25 07:17:00,2023-03-25 07:23:00,6.0,7,0.004346669,0.743,0.003991277129411765,0.682,170.7,far
B-3403C,uni,2023-03-25 07:26:00,2023-03-25 07:39:00,13.0,14,0.004346669,0.743,0.0035535518625,0.607,170.69,far
B-3403C,uni,2023-04-06 13:32:00,2023-04-06 13:36:00,4.0,5,0.006807508,1.163,0.006248521040000001,1.067,158.44,far
B-3403C,uni,2023-04-06 13:38:00,2023-04-06 13:38:00,0.0,1,0.0068987664,1.179,0.006361805927272728,1.087,158.43,far
B-3403C,uni,2023-04-06 13:41:00,2023-04-06 13:50:00,9.0,10,0.007063082,1.207,0.006583934645,1.125,158.43,far
B-3403C,uni,2023-04-06 13:53:00,2023-04-06 13:58:00,5.0,6,0.007487729,1.279,0.0067314986249999995,1.15,158.42,far
B-3403C,uni,2023-04-06 14:01:00,2023-04-06 14:24:00,23.0,24,0.00804272,1.374,0.007187190073529411,1.228,158.42,far
B-3403C,uni,2023-04-06 14:26:00,2023-04-06 14:39:00,13.0,14,0.007654428,1.308,0.007117614170833332,1.216,158.4,far
B-3403C,uni,2023-04-06 14:42:00,2023-04-06 14:54:00,12.0,13,0.007596607,1.298,0.006757203334782608,1.154,158.39,far
B-3403C,uni,2023-04-06 14:56:00,2023-04-06 16:08:00,72.0,73,0.007168913,1.225,0.005821727762650603,0.995,158.38,far
B-3403C,uni,2023-04-06 16:10:00,2023-04-06 16:10:00,0.0,1,0.0072350213,1.236,0.006547550781818182,1.119,158.33,far
B-3403C,uni,2023-04-06 16:12:00,2023-04-06 17:05:00,53.0,54,0.007354454,1.256,0.006430958625,1.099,158.32,far
B-3403C,uni,2023-04-06 17:08:00,2023-04-06 17:11:00,3.0,4,0.006845519,1.169,0.006016095985714285,1.028,158.29,far
B-3403C,uni,2023-04-06 17:14:00,2023-04-06 17:22:00,8.0,9,0.006291513,1.075,0.005709860778947368,0.975,158.28,far
B-3403C,uni,2023-04-06 17:24:00,2023-04-06 17:27:00,3.0,4,0.0059408746,1.015,0.005644436849999999,0.964,158.28,far
B-3403C,uni,2023-04-06 17:32:00,2023-04-06 17:33:00,1.0,2,0.0063294265,1.081,0.0058246877166666655,0.995,158.27,far
B-3403C,uni,2023-04-06 17:35:00,2023-04-06 17:41:00,6.0,7,0.0063294265,1.081,0.005637219052941176,0.963,158.27,far
B-3403C,uni,2023-04-06 17:44:00,2023-04-06 17:45:00,1.0,2,0.006016574,1.028,0.005182812541666666,0.885,158.26,far
B-3403C,uni,2023-04-06 17:48:00,2023-04-06 18:18:00,30.0,31,0.005686439,0.971,0.0047617839,0.813,158.26,far
B-3403C,uni,2023-04-06 18:29:00,2023-04-06 18:32:00,3.0,4,0.0059519717,1.017,0.005284213550000001,0.903,158.23,far
B-3403C,uni,2023-04-06 18:49:00,2023-04-06 19:24:00,35.0,36,0.0063050794,1.077,0.005488800543478263,0.938,158.22,far
B-3403C,uni,2023-04-06 19:26:00,2023-04-06 19:32:00,6.0,7,0.0062256726,1.064,0.005386373694117647,0.92,158.19,far
B-3403C,uni,2023-04-06 19:35:00,2023-04-06 19:58:00,23.0,24,0.006463396,1.104,0.005859115647058824,1.001,158.18,far
B-3403C,uni,2023-04-06 20:01:00,2023-04-06 20:06:00,5.0,6,0.006343618,1.084,0.0059188589187500005,1.011,158.17,far
B-3403C,uni,2023-04-06 20:10:00,2023-04-06 20:11:00,1.0,2,0.006028717,1.03,0.005717119516666667,0.977,158.16,far
B-3403C,uni,2023-04-06 20:13:00,2023-04-06 20:30:00,17.0,18,0.0061792387,1.056,0.005754818242857143,0.983,158.16,far
B-3403C,uni,2023-04-06 20:33:00,2023-04-06 20:34:00,1.0,2,0.0061792387,1.056,0.005689960916666667,0.972,158.14,far
B-3403C,uni,2023-04-06 20:36:00,2023-04-06 20:43:00,7.0,8,0.0061792387,1.056,0.0050181008,0.857,158.14,far
B-3403C,uni,2023-04-06 20:45:00,2023-04-06 20:49:00,4.0,5,0.0048415717,0.827,0.004101452693333333,0.701,158.14,far
B-3403C,uni,2023-04-06 20:51:00,2023-04-06 20:52:00,1.0,2,0.0041871155,0.715,0.0037157986166666667,0.635,158.13,far
B-3403C,uni,2023-04-06 20:57:00,2023-04-06 21:17:00,20.0,21,0.0037775657,0.645,0.0031324788322580643,0.535,158.13,far
B-3403C,uni,2023-04-06 21:20:00,2023-04-06 21:20:00,0.0,1,0.0033659856,0.575,0.002850857809090909,0.487,158.11,far
B-3403C,uni,2023-04-19 16:51:00,2023-04-19 16:55:00,4.0,5,0.006521096,1.114,0.005903782733333334,1.009,145.3,far
B-3403C,uni,2023-04-19 16:58:00,2023-04-19 17:01:00,3.0,4,0.006521096,1.114,0.005871221792857143,1.003,145.29,far
B-3403C,uni,2023-04-19 17:04:00,2023-04-19 17:07:00,3.0,4,0.0062318584,1.065,0.005657289364285715,0.966,145.29,far
B-3403C,uni,2023-04-19 17:10:00,2023-04-19 17:45:00,35.0,36,0.0073419767,1.254,0.005743866582608695,0.981,145.28,far
B-3403C,uni,2023-04-19 17:48:00,2023-04-19 17:54:00,6.0,7,0.0073419767,1.254,0.006068730658823529,1.037,145.26,far
B-3403C,uni,2023-04-19 17:57:00,2023-04-19 18:26:00,29.0,30,0.00723607,1.236,0.0063148577525,1.079,145.25,far
B-3403C,uni,2023-04-19 18:31:00,2023-04-19 18:48:00,17.0,18,0.0066325516,1.133,0.005036325389285714,0.86,145.23,far
B-3403C,uni,2023-04-19 18:51:00,2023-04-19 19:23:00,32.0,33,0.0059577078,1.018,0.0043981254790697675,0.751,145.21,far
B-3403C,uni,2023-04-20 10:00:00,2023-04-20 10:13:00,13.0,14,0.0067503513,1.153,0.006077768729166666,1.038,144.58,far
B-3403C,uni,2023-04-20 10:16:00,2023-04-20 10:18:00,2.0,3,0.006908416,1.18,0.006223084507692308,1.063,144.57,far
B-3403C,uni,2023-04-20 10:20:00,2023-04-20 10:20:00,0.0,1,0.006908416,1.18,0.0061951693454545455,1.058,144.57,far
B-3403C,uni,2023-04-20 10:22:00,2023-04-20 10:22:00,0.0,1,0.006908416,1.18,0.006208292363636364,1.061,144.57,far
B-3403C,uni,2023-04-20 10:24:00,2023-04-20 10:27:00,3.0,4,0.006908416,1.18,0.006263040528571428,1.07,144.57,far
B-3403C,uni,2023-04-20 10:29:00,2023-04-20 10:30:00,1.0,2,0.0070869043,1.211,0.00631110905,1.078,144.56,far
B-3403C,uni,2023-04-20 10:32:00,2023-04-20 10:45:00,13.0,14,0.007544726,1.289,0.006525077,1.115,144.56,far
B-3403C,uni,2023-04-20 10:47:00,2023-04-20 10:49:00,2.0,3,0.007544726,1.289,0.0067684688,1.156,144.55,far
B-3403C,uni,2023-04-20 10:52:00,2023-04-20 11:04:00,12.0,13,0.0077499226,1.324,0.006982259708695654,1.193,144.55,far
B-3403C,uni,2023-04-20 11:07:00,2023-04-20 11:18:00,11.0,12,0.0074358312,1.27,0.007063988649999999,1.207,144.54,far
B-3403C,uni,2023-04-20 11:22:00,2023-04-20 11:22:00,0.0,1,0.0072532203,1.239,0.006812262681818182,1.164,144.53,far
B-3403C,uni,2023-04-20 11:24:00,2023-04-20 11:40:00,16.0,17,0.0072272853,1.235,0.0063096319777777785,1.078,144.53,far
B-3403C,uni,2023-04-20 11:43:00,2023-04-20 11:46:00,3.0,4,0.0062001813,1.059,0.005578585264285715,0.953,144.51,far
B-3403C,uni,2023-04-20 11:48:00,2023-04-20 12:01:00,13.0,14,0.0062784823,1.073,0.005400225837499999,0.923,144.51,far
B-3403C,uni,2023-04-20 12:03:00,2023-04-20 12:07:00,4.0,5,0.0062784823,1.073,0.005377177273333334,0.919,144.5,far
B-3403C,uni,2023-04-20 12:10:00,2023-04-20 12:49:00,39.0,40,0.005960808,1.018,0.005357575143999999,0.915,144.49,far
B-3403C,uni,2023-04-20 12:57:00,2023-04-20 13:15:00,18.0,19,0.006091432,1.041,0.00537483047586207,0.918,144.46,far
B-3403C,uni,2023-04-20 13:17:00,2023-04-20 13:17:00,0.0,1,0.0055898204,0.955,0.0051987454363636365,0.888,144.45,far
B-3403C,uni,2023-04-20 13:20:00,2023-04-20 13:25:00,5.0,6,0.005598428,0.956,0.0050540737625,0.863,144.44,far
B-3403C,uni,2023-04-20 13:47:00,2023-04-20 13:49:00,2.0,3,0.00617587,1.055,0.005647977453846154,0.965,144.43,far
B-3403C,uni,2023-04-20 13:52:00,2023-04-20 13:58:00,6.0,7,0.00617587,1.055,0.005253846570588235,0.898,144.42,far
B-3403C,uni,2023-04-20 14:34:00,2023-04-20 14:38:00,4.0,5,0.0064656395,1.105,0.005337318706666667,0.912,144.39,far
B-3403C,uni,2023-04-20 14:41:00,2023-04-20 14:41:00,0.0,1,0.0055612647,0.95,0.005243090081818182,0.896,144.39,far
B-3403C,uni,2023-04-20 14:44:00,2023-04-20 14:45:00,1.0,2,0.0055750427,0.952,0.005235992508333333,0.894,144.39,far
B-3403C,uni,2023-04-20 15:00:00,2023-04-20 15:02:00,2.0,3,0.0062091234,1.061,0.005910341253846154,1.01,144.38,far
B-3403C,uni,2023-04-20 15:04:00,2023-04-20 15:04:00,0.0,1,0.0065695625,1.122,0.00603370760909091,1.031,144.37,far
B-3403C,uni,2023-04-20 15:06:00,2023-04-20 15:24:00,18.0,19,0.007939586,1.356,0.006578917637931034,1.124,144.37,far
B-3403C,uni,2023-04-20 15:27:00,2023-04-20 15:29:00,2.0,3,0.007992992,1.365,0.007358596846153846,1.257,144.36,far
B-3403C,uni,2023-04-20 15:32:00,2023-04-20 15:33:00,1.0,2,0.007992992,1.365,0.007214968075000001,1.233,144.35,far
B-3403C,uni,2023-04-20 15:35:00,2023-04-20 15:35:00,0.0,1,0.007992992,1.365,0.007141449090909093,1.22,144.35,far
B-3403C,uni,2023-04-20 15:39:00,2023-04-20 15:44:00,5.0,6,0.0074172895,1.267,0.0068212423000000005,1.165,144.35,far
B-3403C,uni,2023-04-20 15:46:00,2023-04-20 15:48:00,2.0,3,0.0072147967,1.233,0.006539461115384615,1.117,144.34,far
B-3403C,uni,2023-04-20 15:50:00,2023-04-20 15:52:00,2.0,3,0.0068217264,1.165,0.006357952523076923,1.086,144.34,far
B-3403C,uni,2023-04-20 15:54:00,2023-04-20 15:57:00,3.0,4,0.0065865596,1.125,0.00613459475,1.048,144.34,far
B-3403C,uni,2023-04-20 16:00:00,2023-04-20 16:02:00,2.0,3,0.0064588813,1.103,0.0057901995692307695,0.989,144.33,far
B-3403C,uni,2023-04-20 16:05:00,2023-04-20 16:05:00,0.0,1,0.006108287,1.043,0.00565968220909091,0.967,144.33,far
B-3403C,uni,2023-04-20 16:08:00,2023-04-20 16:09:00,1.0,2,0.0060529145,1.034,0.005532472958333333,0.945,144.33,far
B-3403C,uni,2023-04-20 16:12:00,2023-04-20 16:15:00,3.0,4,0.0060529145,1.034,0.005503520635714285,0.94,144.32,far
B-3403C,uni,2023-04-20 16:17:00,2023-04-20 16:32:00,15.0,16,0.0063047977,1.077,0.0056055026,0.958,144.32,far
B-3403C,uni,2023-04-20 16:36:00,2023-04-20 16:38:00,2.0,3,0.006952259,1.188,0.0058416413,0.998,144.31,far
B-3403C,uni,2023-04-20 16:41:00,2023-04-20 16:45:00,4.0,5,0.007210307,1.232,0.006348501713333334,1.085,144.3,far
B-3403C,uni,2023-04-20 16:47:00,2023-04-20 16:52:00,5.0,6,0.007957415,1.359,0.00681303286875,1.164,144.3,far
B-3403C,uni,2023-04-20 16:54:00,2023-04-20 16:56:00,2.0,3,0.008016992,1.37,0.007218913784615384,1.233,144.3,far
B-3403C,uni,2023-04-20 16:59:00,2023-04-20 17:26:00,27.0,28,0.009116545,1.557,0.00799035444736842,1.365,144.29,far
B-3403C,uni,2023-04-20 17:28:00,2023-04-20 17:28:00,0.0,1,0.008780727,1.5,0.007887133999999999,1.347,144.27,far
B-3403C,uni,2023-04-20 17:30:00,2023-04-20 17:41:00,11.0,12,0.008511532,1.454,0.007777336463636362,1.329,144.27,far
B-3403C,uni,2023-04-20 17:43:00,2023-04-20 17:43:00,0.0,1,0.008511532,1.454,0.007781507872727272,1.329,144.26,far
B-3403C,uni,2023-04-20 17:45:00,2023-04-20 17:53:00,8.0,9,0.008723279,1.49,0.007835943942105263,1.339,144.26,far
B-3403C,uni,2023-04-20 17:56:00,2023-04-20 17:58:00,2.0,3,0.008723279,1.49,0.007396934515384616,1.264,144.25,far
B-3403C,uni,2023-04-20 18:00:00,2023-04-20 18:00:00,0.0,1,0.008122222,1.388,0.007067104118181819,1.207,144.25,far
B-3403C,uni,2023-04-20 18:02:00,2023-04-20 18:16:00,14.0,15,0.008122222,1.388,0.00629713352,1.076,144.25,far
B-3403C,uni,2023-04-20 18:18:00,2023-04-20 18:46:00,28.0,29,0.008150974,1.392,0.006266489394871794,1.071,144.24,far
B-3403C,uni,2023-04-20 18:49:00,2023-04-20 18:53:00,4.0,5,0.008150974,1.392,0.006506134153333333,1.111,144.22,far
B-3403C,uni,2023-04-20 18:56:00,2023-04-20 19:09:00,13.0,14,0.006666911,1.139,0.006146630574999999,1.05,144.21,far
B-3403C,uni,2023-04-20 19:12:00,2023-04-20 19:55:00,43.0,44,0.007848024,1.341,0.006372143662962964,1.089,144.2,far
B-3403C,uni,2023-04-20 19:57:00,2023-04-20 20:26:00,29.0,30,0.00846094,1.445,0.007280843529999999,1.244,144.17,far
B-3403C,uni,2023-04-20 20:28:00,2023-04-20 20:40:00,12.0,13,0.008179998,1.397,0.00725287283478261,1.239,144.15,far
B-3403C,uni,2023-04-20 20:44:00,2023-04-20 20:58:00,14.0,15,0.008208843,1.402,0.0073894456680000005,1.262,144.14,far
B-3403C,uni,2023-04-20 21:00:00,2023-04-20 21:01:00,1.0,2,0.008208843,1.402,0.0072293658916666665,1.235,144.12,far
B-3403C,uni,2023-04-20 21:03:00,2023-04-20 21:05:00,2.0,3,0.008208843,1.402,0.00689848356923077,1.178,144.12,far
B-3403C,uni,2023-04-20 21:09:00,2023-04-20 21:09:00,0.0,1,0.007476262,1.277,0.0065716120090909096,1.123,144.12,far
B-3403C,uni,2023-04-20 21:12:00,2023-04-20 21:13:00,1.0,2,0.007476262,1.277,0.006534565700000001,1.116,144.12,far
B-3403C,uni,2023-04-20 21:16:00,2023-04-20 21:34:00,18.0,19,0.007476262,1.277,0.006099815837931035,1.042,144.11,far
B-3403C,uni,2023-04-20 21:37:00,2023-04-20 21:39:00,2.0,3,0.0063751903,1.089,0.005269767538461538,0.9,144.1,far
B-3403C,uni,2023-04-20 21:41:00,2023-04-20 21:45:00,4.0,5,0.006610551,1.129,0.00545977824,0.933,144.1,far
B-3403C,uni,2023-04-20 21:47:00,2023-04-20 21:53:00,6.0,7,0.006610551,1.129,0.005950356182352941,1.017,144.09,far
B-3403C,uni,2023-04-20 21:56:00,2023-04-20 22:05:00,9.0,10,0.0063946894,1.092,0.006036141575,1.031,144.09,far
B-3403C,uni,2023-04-20 22:08:00,2023-04-20 22:37:00,29.0,30,0.0064160284,1.096,0.005493656055,0.938,144.08,far
B-3403C,uni,2023-04-20 22:39:00,2023-04-20 22:39:00,0.0,1,0.005283259,0.903,0.004895206436363636,0.836,144.06,far
B-3403C,uni,2023-04-20 22:41:00,2023-04-20 22:46:00,5.0,6,0.006042677,1.032,0.0050951433,0.87,144.05,far
B-3403C,uni,2023-04-20 22:51:00,2023-04-20 23:00:00,9.0,10,0.0064237784,1.097,0.005733658419999999,0.979,144.05,far
B-3403C,uni,2023-04-22 08:24:00,2023-04-22 08:25:00,1.0,2,0.008744584,1.494,0.007649939816666666,1.307,142.65,far
B-3403C,uni,2023-04-22 08:27:00,2023-04-22 08:27:00,0.0,1,0.007899629,1.349,0.0073717155818181805,1.259,142.65,far
B-3403C,uni,2023-04-22 08:29:00,2023-04-22 08:36:00,7.0,8,0.0074699502,1.276,0.007163515522222223,1.224,142.65,far
B-3403C,uni,2023-04-22 08:38:00,2023-04-22 08:42:00,4.0,5,0.0072970646,1.247,0.006935316166666665,1.185,142.64,far
B-3403C,uni,2023-04-22 08:44:00,2023-04-22 08:45:00,1.0,2,0.0075699985,1.293,0.006869541291666666,1.174,142.64,far
B-3403C,uni,2023-04-22 08:47:00,2023-04-22 09:00:00,13.0,14,0.0077010333,1.316,0.006226066104166667,1.064,142.63,far
B-3403C,uni,2023-04-22 09:02:00,2023-04-22 09:04:00,2.0,3,0.0060553937,1.034,0.005355982992307691,0.915,142.62,far
B-3403C,uni,2023-04-22 09:08:00,2023-04-22 09:20:00,12.0,13,0.0067477017,1.153,0.0029386570065217388,0.502,142.62,far
B-3403C,uni,2023-04-22 09:23:00,2023-04-22 09:32:00,9.0,10,0.0011220846,0.192,0.0009686084344999998,0.165,142.61,far
B-3403C,uni,2023-04-22 09:35:00,2023-04-22 09:41:00,6.0,7,0.0011220846,0.192,0.0009642614294117647,0.165,142.6,far
B-3403C,uni,2023-04-22 09:46:00,2023-04-22 09:47:00,1.0,2,0.0012225215,0.209,0.0009940121333333334,0.17,142.59,far
B-3403C,uni,2023-04-22 09:50:00,2023-04-22 09:51:00,1.0,2,0.0013481,0.23,0.0011009775041666667,0.188,142.59,far
B-3403C,uni,2023-04-28 14:13:00,2023-04-28 14:13:00,0.0,1,0.0075300387,1.286,0.003710644865454546,0.634,136.41,far
B-3403C,uni,2023-04-28 14:16:00,2023-04-28 14:17:00,1.0,2,0.0075300387,1.286,0.002306646329166667,0.394,136.41,far
B-3403C,uni,2023-05-31 03:03:00,2023-05-31 03:37:00,34.0,35,0.010262456,1.753,0.008237829055555557,1.407,103.87,far
B-3403C,uni,2023-05-31 03:40:00,2023-05-31 03:43:00,3.0,4,0.008268425,1.412,0.007947033371428571,1.358,103.85,far
B-3403C,uni,2023-05-31 03:46:00,2023-05-31 04:02:00,16.0,17,0.015651008,2.674,0.004217833855555555,0.721,103.84,far
B-3403C,uni,2023-05-31 04:05:00,2023-05-31 04:31:00,26.0,27,0.0003910194,0.067,0.0003163830127027027,0.054,103.83,far
B-3403C,uni,2023-05-31 04:34:00,2023-05-31 04:48:00,14.0,15,0.00037333916,0.064,0.00030055366319999997,0.051,103.81,far
B-402E,uni,2017-07-13 09:28:00,2017-07-13 09:37:00,9.0,10,0.00280268,1.632,0.001775186065,1.034,839.07,far
B-402E,uni,2017-07-13 09:39:00,2017-07-13 09:40:00,1.0,2,0.00280268,1.632,0.0019663602,1.145,839.06,far
B-402E,uni,2017-07-13 09:42:00,2017-07-13 09:43:00,1.0,2,0.00280268,1.632,0.002101381125,1.224,839.06,far
B-402E,uni,2017-07-13 09:45:00,2017-07-13 09:46:00,1.0,2,0.00280268,1.632,0.0019481008416666666,1.135,839.06,far
B-402E,uni,2017-07-13 09:52:00,2017-07-13 09:52:00,0.0,1,0.002360036,1.374,0.0017089589181818181,0.995,839.05,far
B-402E,uni,2017-07-13 09:55:00,2017-07-13 10:18:00,23.0,24,0.002100867,1.224,0.0012409241264705881,0.723,839.05,far
B-402E,uni,2017-07-13 10:20:00,2017-07-13 10:22:00,2.0,3,0.0013279438,0.773,0.0011467444615384614,0.668,839.03,far
B-402E,uni,2017-07-13 10:24:00,2017-07-13 10:28:00,4.0,5,0.0016665101,0.971,0.001198412306666667,0.698,839.03,far
B-402E,uni,2017-07-13 10:30:00,2017-07-13 10:30:00,0.0,1,0.0020327568,1.184,0.0013589441636363637,0.791,839.02,far
B-402E,uni,2017-07-13 10:32:00,2017-07-13 10:41:00,9.0,10,0.0020327568,1.184,0.001132895733,0.66,839.02,far
B-402E,uni,2017-08-16 02:05:00,2017-08-16 02:14:00,9.0,10,0.0017660022,1.028,0.0008884496445000001,0.517,805.38,far
B-402E,uni,2017-08-30 08:30:00,2017-08-30 08:37:00,7.0,8,0.0029218732,1.702,0.0010860389966666668,0.632,791.11,far
B-402E,uni,2017-08-30 08:39:00,2017-08-30 08:41:00,2.0,3,0.001501127,0.874,0.0004301829176923078,0.251,791.1,far
B-402E,uni,2017-09-16 09:30:00,2017-09-16 09:41:00,11.0,12,0.002114598,1.232,0.0009568828386363634,0.557,774.07,far
B-402E,uni,2017-11-20 10:06:00,2017-11-20 10:45:00,39.0,40,0.002794548,1.627,0.002116748826,1.233,709.04,far
B-402E,uni,2017-11-20 10:47:00,2017-11-20 11:50:00,63.0,64,0.0027777692,1.618,0.0007318878163513513,0.426,709.01,far
B-402E,uni,2017-12-03 23:25:00,2017-12-04 01:09:00,104.0,105,0.0031193,1.817,0.0009083307518260868,0.529,695.49,far
B-402E,uni,2017-12-09 07:12:00,2017-12-09 07:19:00,7.0,8,0.0018185934,1.059,0.0007889132799999999,0.459,690.16,far
B-402E,uni,2017-12-18 20:49:00,2017-12-18 20:55:00,6.0,7,0.0023410837,1.363,0.0008598973794117648,0.501,680.6,far
B-402E,uni,2017-12-19 14:18:00,2017-12-19 14:27:00,9.0,10,0.0028820236,1.678,0.00180889683,1.053,679.87,far
B-402E,uni,2017-12-19 14:30:00,2017-12-19 14:56:00,26.0,27,0.0023615172,1.375,0.0013043539513513513,0.76,679.86,far
B-402E,uni,2017-12-19 14:58:00,2017-12-19 15:05:00,7.0,8,0.002167682,1.262,0.0012823996333333333,0.747,679.84,far
B-402E,uni,2017-12-19 15:07:00,2017-12-19 15:08:00,1.0,2,0.002167682,1.262,0.0011072711175000001,0.645,679.83,far
B-402E,uni,2017-12-19 15:10:00,2017-12-19 15:17:00,7.0,8,0.002167682,1.262,0.0006802392938888889,0.396,679.83,far
B-402E,uni,2017-12-19 17:10:00,2017-12-19 17:24:00,14.0,15,0.0020479918,1.193,0.00153872094,0.896,679.75,far
B-402E,uni,2017-12-19 17:26:00,2017-12-19 18:08:00,42.0,43,0.0019509573,1.136,0.001160197554716981,0.676,679.74,far
B-402E,uni,2018-01-18 06:43:00,2018-01-18 07:38:00,55.0,56,0.0022017816,1.282,0.0004925531269696969,0.287,650.18,far
B-402E,uni,2018-01-19 02:52:00,2018-01-19 03:00:00,8.0,9,0.0022425195,1.306,0.0009481621389473685,0.552,649.34,far
B-402E,uni,2018-01-28 01:22:00,2018-01-28 02:18:00,56.0,57,0.002866435,1.669,0.0012889161838805971,0.751,640.41,far
B-402E,uni,2018-02-09 04:16:00,2018-02-09 05:10:00,54.0,55,0.0029289504,1.706,0.0010478588253846155,0.61,628.28,far
B-402E,uni,2018-02-09 05:14:00,2018-02-09 05:14:00,0.0,1,0.0012461225,0.726,0.0006743093363636364,0.393,628.24,far
B-402E,uni,2018-02-09 05:18:00,2018-02-09 05:32:00,14.0,15,0.0012461225,0.726,0.0006565192572000001,0.382,628.24,far
B-402E,uni,2018-10-25 16:01:00,2018-10-25 16:13:00,12.0,13,0.0018866579,1.099,0.001002006177826087,0.584,369.8,far
B-402E,uni,2018-10-29 03:25:00,2018-10-29 04:25:00,60.0,61,0.0025021494,1.457,0.0012578462715492958,0.733,366.32,far
B-402E,uni,2019-02-10 14:35:00,2019-02-10 15:03:00,28.0,29,0.002334873,1.36,0.0014028071820512819,0.817,261.85,far
B-402E,uni,2019-02-28 21:46:00,2019-02-28 21:51:00,5.0,6,0.0020285486,1.181,0.001130934155625,0.659,243.56,far
B-402E,uni,2019-05-11 14:53:00,2019-05-11 15:08:00,15.0,16,0.0040025054,2.331,0.003189800461538462,1.858,171.84,far
B-402E,uni,2019-05-11 15:10:00,2019-05-11 15:40:00,30.0,31,0.0033016026,1.923,0.002605132689268292,1.517,171.83,far
B-402E,uni,2019-05-11 15:42:00,2019-05-11 16:30:00,48.0,49,0.002935765,1.71,0.0006134342991525422,0.357,171.81,far
B-402E,uni,2019-05-11 16:32:00,2019-05-11 16:34:00,2.0,3,0.00047513843,0.277,0.00038829109538461543,0.226,171.77,far
B-402E,uni,2019-05-11 16:36:00,2019-05-11 16:36:00,0.0,1,0.00047513843,0.277,0.0003905619636363636,0.227,171.77,far
B-4064A,uni,2024-05-10 16:50:00,2024-05-10 18:02:00,72.0,73,0.019274743,1.542,0.012866134660240962,1.029,111.63,far
B-4064A,uni,2024-05-10 18:04:00,2024-05-10 18:30:00,26.0,27,0.008674916,0.694,0.007731410183783784,0.618,111.58,far
B-4064A,uni,2024-08-06 06:30:00,2024-08-06 07:28:00,58.0,59,0.014817545,1.185,0.006538419242028986,0.523,24.06,far
B-4064A,uni,2024-08-23 14:11:00,2024-08-23 15:06:00,55.0,56,0.01726291,1.381,0.00942492846818182,0.754,6.74,near_10d
B-4064A,uni,2024-08-26 12:45:00,2024-08-26 13:41:00,56.0,57,0.014602115,1.168,0.010335953774626866,0.827,3.8,near_10d
B-4064A,uni,2024-08-26 21:18:00,2024-08-26 22:48:00,90.0,91,0.014068361,1.125,0.009351180100990099,0.748,3.44,near_10d
B-4703.24001B,uni,2022-03-08 13:59:00,2022-03-08 14:52:00,53.0,54,0.007488813,1.281,0.00379880225859375,0.65,236.42,far
B-4703.24001B,uni,2022-03-10 11:17:00,2022-03-10 11:42:00,25.0,26,0.011989573,2.05,0.007558084580555556,1.293,234.53,far
B-4703.24001B,uni,2022-03-10 11:44:00,2022-03-10 13:50:00,126.0,127,0.01295262,2.215,0.007969630049635036,1.363,234.51,far
B-4703.24001B,uni,2022-03-10 13:52:00,2022-03-10 15:16:00,84.0,85,0.007990672,1.367,0.0035766164463157894,0.612,234.42,far
B-4703.24001B,uni,2022-03-11 10:20:00,2022-03-11 12:17:00,117.0,118,0.018877251,3.228,0.01134224367421875,1.94,233.57,far
B-4703.24001B,uni,2022-03-11 12:19:00,2022-03-11 13:08:00,49.0,50,0.024025563,4.109,0.015818103875,2.705,233.49,far
B-4703.24001B,uni,2022-03-11 13:10:00,2022-03-11 13:10:00,0.0,1,0.01901306,3.252,0.015846713454545455,2.71,233.45,far
B-4703.24001B,uni,2022-03-11 13:12:00,2022-03-11 13:25:00,13.0,14,0.01901306,3.252,0.0140963425,2.411,233.45,far
B-4703.24001B,uni,2022-03-11 13:27:00,2022-03-11 14:02:00,35.0,36,0.01453573,2.486,0.006372109030652174,1.09,233.44,far
B-4703.24001B,uni,2022-03-11 14:04:00,2022-03-11 14:28:00,24.0,25,0.0012549002,0.215,0.0008783983045714285,0.15,233.41,far
B-4703.24001B,uni,2022-03-11 14:30:00,2022-03-11 14:40:00,10.0,11,0.0011163593,0.191,0.0008544718547619046,0.146,233.4,far
B-4703.24001B,uni,2022-03-17 09:21:00,2022-03-17 09:26:00,5.0,6,0.010760323,1.84,0.00784213193125,1.341,227.61,far
B-4703.24001B,uni,2022-03-17 09:28:00,2022-03-17 10:46:00,78.0,79,0.008840718,1.512,0.0041001493622471906,0.701,227.61,far
B-4703.24001B,uni,2022-03-17 10:48:00,2022-03-17 10:57:00,9.0,10,0.0018312375,0.313,0.001282511947,0.219,227.55,far
B-4703.24001B,uni,2022-03-17 14:12:00,2022-03-17 15:07:00,55.0,56,0.01325814,2.267,0.008486055709090909,1.451,227.41,far
B-4703.24001B,uni,2022-03-23 13:29:00,2022-03-23 13:38:00,9.0,10,0.012326341,2.108,0.008019268635,1.371,221.44,far
B-4703.24001B,uni,2022-03-23 13:41:00,2022-03-23 15:13:00,92.0,93,0.009400862,1.608,0.003932075570776699,0.672,221.43,far
B-4703.24001B,uni,2022-03-24 14:08:00,2022-03-24 14:58:00,50.0,51,0.011244458,1.923,0.005270034231147541,0.901,220.41,far
B-4703.24001B,uni,2022-03-24 15:00:00,2022-03-24 15:10:00,10.0,11,0.009029061,1.544,0.0036729006714285714,0.628,220.38,far
B-4703.24001B,uni,2022-03-28 11:48:00,2022-03-28 12:05:00,17.0,18,0.0109249,1.868,0.005793473164285713,0.991,216.51,far
B-4703.24001B,uni,2022-03-28 12:07:00,2022-03-28 12:55:00,48.0,49,0.009260139,1.584,0.004170696583050847,0.713,216.5,far
B-4703.24001B,uni,2022-03-29 15:43:00,2022-03-29 16:07:00,24.0,25,0.01237416,2.116,0.006495406862857143,1.111,215.35,far
B-4703.24001B,uni,2022-03-29 16:09:00,2022-03-29 16:12:00,3.0,4,0.0064334976,1.1,0.006107803571428572,1.045,215.33,far
B-4703.24001B,uni,2022-03-29 16:14:00,2022-03-29 16:14:00,0.0,1,0.006374183,1.09,0.006165182972727273,1.054,215.32,far
B-4703.24001B,uni,2022-03-29 16:16:00,2022-03-29 16:26:00,10.0,11,0.006946201,1.188,0.006317451628571429,1.08,215.32,far
B-4703.24001B,uni,2022-03-29 16:28:00,2022-03-29 16:59:00,31.0,32,0.008000193,1.368,0.003002543797619047,0.513,215.31,far
B-4703.24001B,uni,2022-03-29 17:02:00,2022-03-29 17:29:00,27.0,28,0.00225631,0.386,0.0014031593273684207,0.24,215.29,far
B-4703.24001B,uni,2022-03-29 21:05:00,2022-03-29 21:23:00,18.0,19,0.0109391445,1.871,0.006369337089655173,1.089,215.12,far
B-4703.24001B,uni,2022-03-29 21:25:00,2022-03-29 21:38:00,13.0,14,0.0061059725,1.044,0.005476861170833333,0.937,215.11,far
B-4703.24001B,uni,2022-03-29 21:40:00,2022-03-29 21:40:00,0.0,1,0.0063681575,1.089,0.005774880854545455,0.988,215.1,far
B-4703.24001B,uni,2022-03-29 21:42:00,2022-03-29 21:43:00,1.0,2,0.0063681575,1.089,0.005818299508333334,0.995,215.1,far
B-4703.24001B,uni,2022-03-29 21:46:00,2022-03-29 21:46:00,0.0,1,0.0067510735,1.155,0.005989392463636364,1.024,215.09,far
B-4703.24001B,uni,2022-03-29 21:48:00,2022-03-29 22:11:00,23.0,24,0.009822455,1.68,0.004213892267647059,0.721,215.09,far
B-4703.24001B,uni,2022-03-29 22:13:00,2022-03-29 22:26:00,13.0,14,0.0019578019,0.335,0.001326279825,0.227,215.07,far
B-4703.24001B,uni,2022-03-29 22:29:00,2022-03-29 22:54:00,25.0,26,0.0016340653,0.279,0.001258155818888889,0.215,215.06,far
B-4703.24001B,uni,2022-03-30 12:05:00,2022-03-30 12:07:00,2.0,3,0.011122106,1.902,0.008124632776923076,1.389,214.5,far
B-4703.24001B,uni,2022-03-30 12:11:00,2022-03-30 12:28:00,17.0,18,0.009964128,1.704,0.0065811795285714274,1.126,214.49,far
B-4703.24001B,uni,2022-03-30 12:30:00,2022-03-30 12:32:00,2.0,3,0.006381581,1.091,0.006015370015384616,1.029,214.48,far
B-4703.24001B,uni,2022-03-30 12:34:00,2022-03-30 12:34:00,0.0,1,0.0061522084,1.052,0.005940828227272727,1.016,214.48,far
B-4703.24001B,uni,2022-03-30 12:36:00,2022-03-30 12:59:00,23.0,24,0.008770444,1.5,0.00548688205882353,0.938,214.47,far
B-4703.24001B,uni,2022-03-30 13:01:00,2022-03-30 13:09:00,8.0,9,0.008770444,1.5,0.0026426286263157898,0.452,214.46,far
B-4703.24001B,uni,2022-03-30 13:13:00,2022-03-30 13:17:00,4.0,5,0.0020674109,0.354,0.0012827703666666668,0.219,214.45,far
B-4703.24001B,uni,2022-03-31 12:34:00,2022-03-31 12:52:00,18.0,19,0.006834835,1.169,0.004457195113793103,0.762,213.48,far
B-4703.24001B,uni,2022-03-31 12:54:00,2022-03-31 13:03:00,9.0,10,0.005268074,0.901,0.003205510725,0.548,213.46,far
B-4703.24001B,uni,2022-03-31 14:05:00,2022-03-31 15:09:00,64.0,65,0.01213461,2.075,0.005020375093999999,0.859,213.41,far
B-4703.24001B,uni,2022-03-31 15:12:00,2022-03-31 15:53:00,41.0,42,0.0013216297,0.226,0.0010174123863461537,0.174,213.37,far
B-4703.24001B,uni,2022-03-31 19:00:00,2022-03-31 19:56:00,56.0,57,0.00796414,1.362,0.004534829368656717,0.776,213.21,far
B-4703.24001B,uni,2022-04-01 00:21:00,2022-04-01 01:18:00,57.0,58,0.00841768,1.44,0.004668933667647059,0.798,212.99,far
B-4703.24001B,uni,2022-04-01 03:01:00,2022-04-01 04:06:00,65.0,66,0.008879663,1.519,0.004945688721842105,0.846,212.87,far
B-4703.24001B,uni,2022-04-01 04:08:00,2022-04-01 04:36:00,28.0,29,0.0017638564,0.302,0.0011525560635897436,0.197,212.83,far
B-4703.24001B,uni,2022-04-01 06:22:00,2022-04-01 07:21:00,59.0,60,0.010591635,1.811,0.004418219927714287,0.756,212.73,far
B-4703.24001B,uni,2022-04-05 14:30:00,2022-04-05 15:02:00,32.0,33,0.0111179175,1.901,0.00691998101627907,1.183,208.4,far
B-4703.24001B,uni,2022-04-05 15:04:00,2022-04-05 15:31:00,27.0,28,0.013534935,2.315,0.009354375431578946,1.6,208.37,far
B-4703.24001B,uni,2022-04-05 15:33:00,2022-04-05 15:40:00,7.0,8,0.009804619,1.677,0.009250135083333333,1.582,208.35,far
B-4703.24001B,uni,2022-04-05 15:42:00,2022-04-05 15:49:00,7.0,8,0.009526218,1.629,0.009063670444444444,1.55,208.35,far
B-4703.24001B,uni,2022-05-15 19:49:00,2022-05-15 20:16:00,27.0,28,0.006812332,1.165,0.005134948294736842,0.878,168.17,far
B-4703.24001B,uni,2022-05-15 20:18:00,2022-05-15 20:46:00,28.0,29,0.0057759145,0.988,0.004058931192307693,0.694,168.15,far
B-4703.24001B,uni,2022-09-28 15:38:00,2022-09-28 15:48:00,10.0,11,0.0070906323,1.213,0.003535561795238095,0.605,32.35,far
B-5501B,uni,2022-01-23 17:55:00,2022-01-23 18:45:00,50.0,11,0.031593274,2.225,0.010377117292307694,0.731,280.25,far
B-5501B,uni,2022-01-25 08:25:00,2022-01-25 09:15:00,50.0,11,0.02327943,1.64,0.009390158923076921,0.661,278.65,far
B-5501B,uni,2022-02-01 10:35:00,2022-02-01 11:25:00,50.0,11,0.019160537,1.349,0.010359168161538462,0.73,271.56,far
B-5501B,uni,2022-02-05 03:15:00,2022-02-05 04:00:00,45.0,10,0.02012614,1.417,0.008809045116666667,0.62,267.86,far
B-5501B,uni,2022-02-07 22:05:00,2022-02-07 22:55:00,50.0,11,0.018377526,1.294,0.010144324515384615,0.714,265.08,far
B-5501B,uni,2022-03-05 08:25:00,2022-03-05 09:15:00,50.0,11,0.02881863,2.03,0.011299888276923077,0.796,239.65,far
B-5501B,uni,2022-03-15 00:15:00,2022-03-15 01:10:00,55.0,12,0.024956694,1.758,0.011838977657142858,0.834,229.99,far
B-5501B,uni,2022-03-15 13:45:00,2022-03-15 14:30:00,45.0,10,0.02297815,1.618,0.009288647783333333,0.654,229.43,far
B-5501B,uni,2022-03-16 09:00:00,2022-03-16 09:50:00,50.0,11,0.022755915,1.603,0.009981417353846155,0.703,228.62,far
B-5501B,uni,2022-03-17 06:10:00,2022-03-17 06:10:00,0.0,1,0.017007425,1.198,0.01608451933333333,1.133,227.74,far
B-5501B,uni,2022-03-17 06:20:00,2022-03-17 07:00:00,40.0,9,0.0156035,1.099,0.007614422454545453,0.536,227.74,far
B-5501B,uni,2022-03-17 12:50:00,2022-03-17 13:45:00,55.0,12,0.036245365,2.553,0.012500724985714287,0.88,227.47,far
B-5501B,uni,2022-03-19 05:30:00,2022-03-19 06:15:00,45.0,10,0.014861788,1.047,0.0099363954,0.7,225.77,far
B-5501B,uni,2022-03-21 13:30:00,2022-03-21 14:00:00,30.0,7,0.016456736,1.159,0.010017752855555555,0.706,223.44,far
B-5501B,uni,2022-03-21 14:15:00,2022-03-21 14:15:00,0.0,1,0.007856131,0.553,0.006709701666666667,0.473,223.41,far
B-5501B,uni,2022-03-23 08:55:00,2022-03-23 09:15:00,20.0,5,0.022649534,1.595,0.010592148171428572,0.746,221.63,far
B-5501B,uni,2022-03-23 09:25:00,2022-03-23 09:40:00,15.0,4,0.008942704,0.63,0.007554272899999999,0.532,221.61,far
B-5501B,uni,2022-03-28 00:00:00,2022-03-28 00:10:00,10.0,3,0.01870765,1.318,0.015024095800000001,1.058,217.0,far
B-5501B,uni,2022-03-28 00:20:00,2022-03-28 00:55:00,35.0,8,0.00993977,0.7,0.007706839920000002,0.543,216.99,far
B-5501B,uni,2022-03-31 04:40:00,2022-03-31 05:30:00,50.0,11,0.017293015,1.218,0.008396925784615384,0.591,213.81,far
B-5501B,uni,2022-04-01 13:50:00,2022-04-01 14:30:00,40.0,9,0.01831078,1.29,0.009742528363636364,0.686,212.42,far
B-5501B,uni,2022-04-01 21:55:00,2022-04-01 22:40:00,45.0,10,0.028173348,1.984,0.010429393191666666,0.735,212.09,far
B-5501B,uni,2022-04-11 14:10:00,2022-04-11 15:00:00,50.0,11,0.019527761,1.375,0.009880724376923077,0.696,202.41,far
B-5501B,uni,2022-04-12 21:50:00,2022-04-12 22:40:00,50.0,11,0.020575086,1.449,0.010988251538461538,0.774,201.09,far
B-5501B,uni,2022-04-19 13:30:00,2022-04-19 14:15:00,45.0,10,0.016690657,1.175,0.009815552883333334,0.691,194.44,far
B-5501B,uni,2022-04-20 23:10:00,2022-04-20 23:50:00,40.0,9,0.016499102,1.162,0.008567230909090909,0.603,193.03,far
B-5501B,uni,2022-04-23 12:45:00,2022-04-23 13:40:00,55.0,12,0.021255389,1.497,0.011241210571428571,0.792,190.47,far
B-5501B,uni,2022-04-26 21:55:00,2022-04-26 22:30:00,35.0,8,0.02487663,1.752,0.010041569399999999,0.707,187.09,far
B-5501B,uni,2022-04-26 22:40:00,2022-04-26 22:40:00,0.0,1,0.004813691,0.339,0.004590206566666667,0.323,187.06,far
B-5501B,uni,2022-04-29 07:05:00,2022-04-29 07:35:00,30.0,7,0.029490545,2.077,0.016344097455555557,1.151,184.7,far
B-5501B,uni,2022-04-29 07:45:00,2022-04-29 08:00:00,15.0,4,0.007906179,0.557,0.005222115316666667,0.368,184.68,far
B-5501B,uni,2022-05-02 01:25:00,2022-05-02 02:15:00,50.0,11,0.020301955,1.43,0.010261609784615384,0.723,181.94,far
B-5501B,uni,2022-05-03 06:15:00,2022-05-03 06:50:00,35.0,8,0.014396322,1.014,0.00809687506,0.57,180.74,far
B-5501B,uni,2022-05-03 22:05:00,2022-05-03 22:55:00,50.0,11,0.025336927,1.784,0.010002100746153845,0.704,180.08,far
B-5501B,uni,2022-05-04 22:45:00,2022-05-04 23:30:00,45.0,10,0.018433861,1.298,0.009213605074999999,0.649,179.05,far
B-5501B,uni,2022-05-07 06:35:00,2022-05-07 07:25:00,50.0,11,0.03194629,2.25,0.011519033092307692,0.811,176.73,far
B-5501B,uni,2022-05-08 13:00:00,2022-05-08 13:40:00,40.0,9,0.015673105,1.104,0.008880413536363638,0.625,175.46,far
B-5501B,uni,2022-05-10 04:55:00,2022-05-10 05:05:00,10.0,3,0.019094909,1.345,0.0157213164,1.107,173.8,far
B-5501B,uni,2022-05-10 05:15:00,2022-05-10 05:50:00,35.0,8,0.008631279,0.608,0.00708343788,0.499,173.78,far
B-5501B,uni,2022-05-16 22:50:00,2022-05-16 23:25:00,35.0,8,0.02571059,1.811,0.01265451087,0.891,167.05,far
B-5501B,uni,2022-05-16 23:35:00,2022-05-16 23:40:00,5.0,2,0.008689642,0.612,0.0080263864,0.565,167.02,far
B-5501B,uni,2022-05-17 13:30:00,2022-05-17 14:20:00,50.0,11,0.031734288,2.235,0.012722089876923078,0.896,166.44,far
B-5501B,uni,2022-05-20 07:45:00,2022-05-20 08:05:00,20.0,5,0.061884176,4.358,0.033891065485714286,2.387,163.68,far
B-5501B,uni,2022-05-20 08:20:00,2022-05-20 08:30:00,10.0,3,0.00740548,0.522,0.0061170836999999995,0.431,163.65,far
B-5501B,uni,2022-05-20 08:40:00,2022-05-20 08:40:00,0.0,1,0.00740548,0.522,0.004839695233333333,0.341,163.64,far
B-5501B,uni,2022-05-22 16:30:00,2022-05-22 17:05:00,35.0,8,0.020735815,1.46,0.01285923006,0.906,161.31,far
B-5501B,uni,2022-05-22 17:15:00,2022-05-22 17:25:00,10.0,3,0.008497219,0.598,0.007288384540000001,0.513,161.28,far
B-5501B,uni,2022-05-24 00:05:00,2022-05-24 00:25:00,20.0,5,0.022033526,1.552,0.009816079285714286,0.691,160.0,far
B-5501B,uni,2022-05-24 04:45:00,2022-05-24 05:30:00,45.0,10,0.02397745,1.689,0.010590905583333332,0.746,159.8,far
B-5501B,uni,2022-05-24 10:30:00,2022-05-24 11:55:00,85.0,18,0.032004535,2.254,0.015044343394999998,1.06,159.56,far
B-5501B,uni,2022-05-24 22:00:00,2022-05-24 22:50:00,50.0,11,0.020616284,1.452,0.010778341015384616,0.759,159.08,far
B-5501B,uni,2022-05-26 21:55:00,2022-05-26 22:40:00,45.0,10,0.019326575,1.361,0.011220692166666666,0.79,157.09,far
B-5501B,uni,2022-05-27 05:05:00,2022-05-27 05:40:00,35.0,8,0.024801247,1.747,0.010773576859999998,0.759,156.79,far
B-5501B,uni,2022-05-27 05:50:00,2022-05-27 05:55:00,5.0,2,0.006960233,0.49,0.00533005095,0.375,156.76,far
B-5501B,uni,2022-06-01 01:15:00,2022-06-01 02:05:00,50.0,11,0.030570716,2.153,0.010183759007692307,0.717,151.95,far
B-5501B,uni,2022-06-04 08:10:00,2022-06-04 09:05:00,55.0,12,0.041041087,2.89,0.015764490107142853,1.11,148.66,far
B-5501B,uni,2022-06-05 10:40:00,2022-06-05 11:30:00,50.0,11,0.028129516,1.981,0.008801504392307693,0.62,147.56,far
B-5501B,uni,2022-06-12 13:30:00,2022-06-12 14:05:00,35.0,8,0.04698543,3.309,0.01295286882,0.912,140.44,far
B-5501B,uni,2022-06-13 02:55:00,2022-06-13 03:50:00,55.0,12,0.035798863,2.521,0.012227165257142857,0.861,139.88,far
B-5501B,uni,2022-06-16 20:25:00,2022-06-16 21:05:00,40.0,9,0.016452877,1.159,0.007507146754545454,0.529,136.15,far
B-5501B,uni,2022-06-18 01:30:00,2022-06-18 02:00:00,30.0,7,0.022124534,1.558,0.008370663155555557,0.59,134.94,far
B-5501B,uni,2022-06-18 02:10:00,2022-06-18 02:10:00,0.0,1,0.005291899,0.373,0.0046137571,0.325,134.91,far
B-5501B,uni,2022-06-18 19:05:00,2022-06-18 20:00:00,55.0,12,0.03491493,2.459,0.012724834999999999,0.896,134.2,far
B-5501B,uni,2022-06-21 06:35:00,2022-06-21 06:40:00,5.0,2,0.0319173,2.248,0.02642496775,1.861,131.73,far
B-5501B,uni,2022-06-21 06:50:00,2022-06-21 07:25:00,35.0,8,0.025906032,1.824,0.01147612351,0.808,131.72,far
B-5501B,uni,2022-06-28 23:10:00,2022-06-28 23:55:00,45.0,10,0.029483967,2.076,0.010012140191666666,0.705,124.03,far
B-5501B,uni,2022-07-05 03:20:00,2022-07-05 04:00:00,40.0,9,0.028145062,1.982,0.011088707909090908,0.781,117.86,far
B-5501B,uni,2022-07-05 11:15:00,2022-07-05 11:50:00,35.0,8,0.020463876,1.441,0.01079527136,0.76,117.53,far
B-5501B,uni,2022-07-13 12:45:00,2022-07-13 13:20:00,35.0,8,0.027194416,1.915,0.011823646099999998,0.833,109.47,far
B-5501B,uni,2022-07-13 13:30:00,2022-07-13 13:40:00,10.0,3,0.006604155,0.465,0.004766299260000001,0.336,109.44,far
B-5501B,uni,2022-07-20 07:35:00,2022-07-20 08:20:00,45.0,10,0.02178591,1.534,0.009586366458333334,0.675,102.68,far
B-5501B,uni,2022-07-21 09:00:00,2022-07-21 09:55:00,55.0,12,0.032432433,2.284,0.013851355607142856,0.976,101.62,far
B-5501B,uni,2022-07-24 03:55:00,2022-07-24 04:20:00,25.0,6,0.024398161,1.718,0.0107261546625,0.755,98.84,far
B-5501B,uni,2022-07-24 04:30:00,2022-07-24 04:30:00,0.0,1,0.0076390207,0.538,0.006112857233333334,0.431,98.81,far
B-5501B,uni,2022-07-29 00:25:00,2022-07-29 01:15:00,50.0,11,0.019601598,1.38,0.00866832903076923,0.61,93.98,far
B-5501B,uni,2022-08-01 10:30:00,2022-08-01 10:35:00,5.0,2,0.038035072,2.679,0.024237907250000003,1.707,90.56,far
B-5501B,uni,2022-08-01 10:45:00,2022-08-01 11:20:00,35.0,8,0.012765725,0.899,0.006224821980000001,0.438,90.55,far
B-5501B,uni,2022-08-01 14:20:00,2022-08-01 15:00:00,40.0,9,0.019321272,1.361,0.008912813481818181,0.628,90.4,far
B-5501B,uni,2022-08-02 14:45:00,2022-08-02 15:35:00,50.0,11,0.027775541,1.956,0.012127625123076923,0.854,89.39,far
B-5501B,uni,2022-08-03 01:45:00,2022-08-03 02:35:00,50.0,11,0.017868014,1.258,0.010302779284615383,0.726,88.93,far
B-5501B,uni,2022-08-08 16:15:00,2022-08-08 17:05:00,50.0,11,0.022764755,1.603,0.012021923546153846,0.847,83.32,far
B-5501B,uni,2022-08-13 02:55:00,2022-08-13 03:00:00,5.0,2,0.03335093,2.349,0.020322398625,1.431,78.88,far
B-5501B,uni,2022-08-13 03:10:00,2022-08-13 03:40:00,30.0,7,0.010592957,0.746,0.007780885144444444,0.548,78.87,far
B-5501B,uni,2022-08-14 09:30:00,2022-08-14 09:50:00,20.0,5,0.031283025,2.203,0.015554229000000001,1.095,77.6,far
B-5501B,uni,2022-08-14 10:05:00,2022-08-14 10:25:00,20.0,5,0.008003344,0.564,0.006353778557142858,0.447,77.58,far
B-5501B,uni,2022-08-22 08:00:00,2022-08-22 08:55:00,55.0,12,0.03703657,2.608,0.01198511662857143,0.844,69.67,far
B-5501B,uni,2022-08-24 13:20:00,2022-08-24 13:30:00,10.0,3,0.016827805,1.185,0.01145342228,0.807,67.44,far
B-5501B,uni,2022-08-24 13:45:00,2022-08-24 14:05:00,20.0,5,0.007993023,0.563,0.006060689657142858,0.427,67.43,far
B-5501B,uni,2022-08-28 10:25:00,2022-08-28 11:00:00,35.0,8,0.024574533,1.731,0.01011789934,0.713,63.57,far
B-5501B,uni,2022-08-31 05:10:00,2022-08-31 05:50:00,40.0,9,0.027298547,1.923,0.010317193599999998,0.727,60.78,far
B-5501B,uni,2022-09-03 12:30:00,2022-09-03 13:05:00,35.0,8,0.015453432,1.088,0.00900332105,0.634,57.48,far
B-5501B,uni,2022-09-07 10:20:00,2022-09-07 11:15:00,55.0,12,0.034053948,2.398,0.013483242857142858,0.95,53.57,far
B-5501B,uni,2022-09-08 12:50:00,2022-09-08 13:20:00,30.0,7,0.014843464,1.045,0.0091653311,0.645,52.47,far
B-5501B,uni,2022-11-04 12:15:00,2022-11-04 13:10:00,55.0,12,0.025504462,1.796,0.011259159671428572,0.793,4.51,near_10d
B-5501B,uni,2022-11-08 12:30:00,2022-11-08 13:20:00,50.0,11,0.025385953,1.788,0.010553830484615381,0.743,8.52,near_10d
B-5501B,uni,2022-11-20 06:50:00,2022-11-20 07:45:00,55.0,12,0.03921961,2.762,0.013248802292857145,0.933,20.28,far
B-5501B,uni,2022-11-26 14:50:00,2022-11-26 15:35:00,45.0,10,0.014548197,1.025,0.007495691725000001,0.528,26.62,far
B-5501B,uni,2022-11-27 22:05:00,2022-11-27 22:45:00,40.0,9,0.024839252,1.749,0.009332768018181819,0.657,27.92,far
B-5501B,uni,2023-02-15 21:55:00,2023-02-15 22:45:00,50.0,11,0.019880181,1.4,0.009107095515384616,0.641,107.91,far
B-5501B,uni,2023-03-04 22:15:00,2023-03-04 23:00:00,45.0,10,0.01623811,1.144,0.00868784875,0.612,124.93,far
B-5501B,uni,2023-03-09 08:45:00,2023-03-09 09:35:00,50.0,11,0.032583132,2.295,0.011247881238461536,0.792,129.36,far
B-5501B,uni,2023-03-12 09:35:00,2023-03-12 10:15:00,40.0,9,0.031456474,2.215,0.01109923788181818,0.782,132.4,far
B-5501B,uni,2023-03-14 09:15:00,2023-03-14 10:05:00,50.0,11,0.029580876,2.083,0.011280397361538462,0.794,134.39,far
B-5501B,uni,2023-03-14 21:50:00,2023-03-14 22:40:00,50.0,11,0.019167086,1.35,0.009431994669230769,0.664,134.91,far
B-5501B,uni,2023-03-15 05:55:00,2023-03-15 06:35:00,40.0,9,0.014201283,1.0,0.009048623672727274,0.637,135.25,far
B-5501B,uni,2023-04-02 15:30:00,2023-04-02 16:20:00,50.0,11,0.022480443,1.583,0.009228253161538462,0.65,153.65,far
B-5501B,uni,2023-04-05 03:00:00,2023-04-05 03:55:00,55.0,12,0.029254356,2.06,0.012083883214285714,0.851,156.12,far
B-5501B,uni,2023-04-19 22:10:00,2023-04-19 22:55:00,45.0,10,0.02502689,1.763,0.010769548141666667,0.758,170.92,far
B-5501B,uni,2023-05-13 16:00:00,2023-05-13 16:45:00,45.0,10,0.022331173,1.573,0.01013788155,0.714,170.33,far
B-5501B,uni,2023-05-16 20:45:00,2023-05-16 21:25:00,40.0,9,0.018475281,1.301,0.009457223754545455,0.666,167.14,far
B-5501B,uni,2023-06-01 23:50:00,2023-06-02 00:45:00,55.0,12,0.038949076,2.743,0.011638530814285713,0.82,151.01,far
B-5501B,uni,2023-06-04 09:15:00,2023-06-04 10:10:00,55.0,12,0.035970684,2.533,0.011966895500000003,0.843,148.61,far
B-5501B,uni,2023-06-07 11:50:00,2023-06-07 12:45:00,55.0,12,0.033324245,2.347,0.012596562671428571,0.887,145.51,far
B-5501B,uni,2023-06-08 09:10:00,2023-06-08 09:15:00,5.0,2,0.037434857,2.636,0.02290916625,1.613,144.62,far
B-5501B,uni,2023-06-08 09:30:00,2023-06-08 10:00:00,30.0,7,0.011650155,0.82,0.009540215766666667,0.672,144.6,far
B-5501B,uni,2023-06-10 02:20:00,2023-06-10 03:00:00,40.0,9,0.017223753,1.213,0.009402419645454544,0.662,142.9,far
B-5501B,uni,2023-06-16 20:45:00,2023-06-16 21:35:00,50.0,11,0.026297232,1.852,0.008684223338461538,0.612,136.14,far
B-5501B,uni,2023-06-17 20:15:00,2023-06-17 20:20:00,5.0,2,0.03372312,2.375,0.02100180575,1.479,135.16,far
B-5501B,uni,2023-06-17 20:30:00,2023-06-17 21:05:00,35.0,8,0.00974356,0.686,0.007146060649999999,0.503,135.15,far
B-5501B,uni,2023-11-08 19:10:00,2023-11-08 20:00:00,50.0,11,0.024532206,1.728,0.011900119130769231,0.838,8.8,near_10d
B-5501B,uni,2023-11-10 01:20:00,2023-11-10 02:05:00,45.0,10,0.025306026,1.782,0.010419946741666665,0.734,10.06,far
B-5501B,uni,2023-11-11 17:55:00,2023-11-11 18:45:00,50.0,11,0.02604528,1.834,0.012986492023076921,0.915,11.75,far
B-5501B,uni,2023-11-12 08:40:00,2023-11-12 09:30:00,50.0,11,0.02587609,1.822,0.012039216807692309,0.848,12.36,far
B-5501B,uni,2023-11-13 07:25:00,2023-11-13 08:15:00,50.0,11,0.023941338,1.686,0.00972001293846154,0.685,13.31,far
B-5501B,uni,2023-11-14 03:15:00,2023-11-14 03:55:00,40.0,9,0.03078413,2.168,0.013339305545454544,0.939,14.14,far
B-5501B,uni,2023-11-14 04:05:00,2023-11-14 04:05:00,0.0,1,0.0060146847,0.424,0.005421247766666667,0.382,14.17,far
B-5501B,uni,2023-11-15 14:45:00,2023-11-15 15:35:00,50.0,11,0.027927024,1.967,0.012095475038461537,0.852,15.61,far
B-5501B,uni,2023-11-17 09:35:00,2023-11-17 10:20:00,45.0,10,0.023363197,1.645,0.010187205116666665,0.717,17.4,far
B-5501B,uni,2023-11-18 08:45:00,2023-11-18 09:25:00,40.0,9,0.023710435,1.67,0.010492903363636364,0.739,18.36,far
B-5501B,uni,2023-11-19 20:15:00,2023-11-19 21:10:00,55.0,12,0.028152987,1.983,0.011608221978571429,0.818,19.84,far
B-5501B,uni,2023-11-25 08:05:00,2023-11-25 08:20:00,15.0,4,0.017506558,1.233,0.013446352500000001,0.947,25.34,far
B-5501B,uni,2023-11-25 08:30:00,2023-11-25 09:00:00,30.0,7,0.010616313,0.748,0.008281918722222222,0.583,25.35,far
B-5501B,uni,2023-11-26 01:40:00,2023-11-26 02:25:00,45.0,10,0.01703004,1.199,0.008825652591666667,0.622,26.07,far
B-5501B,uni,2023-11-28 09:55:00,2023-11-28 09:55:00,0.0,1,0.022137916,1.559,0.014193568333333332,1.0,28.41,far
B-5501B,uni,2023-11-28 12:35:00,2023-11-28 13:20:00,45.0,10,0.022193754,1.563,0.009935580108333333,0.7,28.52,far
B-5501B,uni,2023-11-29 19:20:00,2023-11-29 20:05:00,45.0,10,0.018172957,1.28,0.009087094566666667,0.64,29.81,far
B-5501B,uni,2023-12-01 21:45:00,2023-12-01 22:05:00,20.0,5,0.023227384,1.636,0.012954535714285715,0.912,31.91,far
B-5501B,uni,2023-12-01 22:15:00,2023-12-01 22:35:00,20.0,5,0.007144978,0.503,0.004808528171428571,0.339,31.93,far
B-5501B,uni,2023-12-04 23:55:00,2023-12-05 00:45:00,50.0,11,0.019951446,1.405,0.009648944576923077,0.68,35.0,far
B-5501B,uni,2023-12-07 07:30:00,2023-12-07 08:30:00,60.0,13,0.025526235,1.798,0.012253243933333333,0.863,37.31,far
B-5501B,uni,2023-12-11 02:15:00,2023-12-11 03:00:00,45.0,10,0.021107227,1.487,0.00989993345,0.697,41.09,far
B-5501B,uni,2023-12-11 22:35:00,2023-12-11 23:35:00,60.0,13,0.02763542,1.946,0.010635806353333332,0.749,41.94,far
B-5501B,uni,2023-12-15 01:50:00,2023-12-15 02:10:00,20.0,5,0.031246655,2.201,0.016564739742857142,1.167,45.08,far
B-5501B,uni,2023-12-15 09:45:00,2023-12-15 09:45:00,0.0,1,0.026414583,1.86,0.019900195,1.402,45.41,far
B-5501B,uni,2023-12-15 09:55:00,2023-12-15 10:30:00,35.0,8,0.012241031,0.862,0.0077253139,0.544,45.41,far
B-5501B,uni,2023-12-16 09:55:00,2023-12-16 10:00:00,5.0,2,0.021432316,1.509,0.01905320725,1.342,45.59,far
B-5501B,uni,2023-12-16 10:10:00,2023-12-16 10:15:00,5.0,2,0.015558567,1.096,0.008632275325000001,0.608,45.58,far
B-5501B,uni,2023-12-16 10:25:00,2023-12-16 10:45:00,20.0,5,0.0071916482,0.506,0.004908341742857142,0.346,45.57,far
B-5501B,uni,2023-12-17 14:00:00,2023-12-17 14:50:00,50.0,11,0.03443077,2.425,0.012111972107692307,0.853,44.42,far
B-5501B,uni,2023-12-18 13:15:00,2023-12-18 14:00:00,45.0,10,0.02743344,1.932,0.009953934975,0.701,43.45,far
B-5501B,uni,2023-12-18 23:00:00,2023-12-18 23:50:00,50.0,11,0.026985412,1.901,0.010731160461538462,0.756,43.04,far
B-5501B,uni,2023-12-22 13:50:00,2023-12-22 14:45:00,55.0,12,0.022611594,1.592,0.010392993185714289,0.732,39.42,far
B-5501B,uni,2023-12-23 23:15:00,2023-12-24 00:00:00,45.0,10,0.017759243,1.251,0.009600912724999999,0.676,38.03,far
B-5501B,uni,2023-12-24 00:10:00,2023-12-24 00:10:00,0.0,1,0.007876158,0.555,0.006645633233333333,0.468,37.99,far
B-5501B,uni,2023-12-24 14:30:00,2023-12-24 15:25:00,55.0,12,0.020495588,1.443,0.010987639964285714,0.774,37.4,far
B-5501B,uni,2023-12-30 21:30:00,2023-12-30 22:00:00,30.0,7,0.025140004,1.771,0.014113898077777779,0.994,31.1,far
B-5501B,uni,2023-12-30 22:10:00,2023-12-30 22:25:00,15.0,4,0.009733816,0.686,0.007129652466666665,0.502,31.08,far
B-5501B,uni,2024-03-29 11:10:00,2024-03-29 11:35:00,25.0,6,0.024741217,1.742,0.01188092705,0.837,58.47,far
B-5501B,uni,2024-03-29 11:45:00,2024-03-29 12:00:00,15.0,4,0.0072769127,0.512,0.0059984377,0.422,58.49,far
B-6511502A,uni,2022-07-13 01:15:00,2022-07-13 06:35:00,320.0,65,0.010847674,1.267,0.0033183204552238808,0.387,305.95,far
B-6511502A,uni,2022-07-16 12:00:00,2022-07-16 16:45:00,285.0,58,0.011582585,1.352,0.004057673826666667,0.474,302.5,far
B-6511502A,uni,2022-08-20 06:15:00,2022-08-20 15:10:00,535.0,108,0.014105348,1.647,0.011200887654545457,1.308,267.74,far
B-6511502A,uni,2022-08-26 04:45:00,2022-08-26 09:20:00,275.0,56,0.021650119,2.528,0.0025974077793103445,0.303,261.8,far
B-6511502A,uni,2022-09-08 13:40:00,2022-09-08 21:30:00,470.0,95,0.015797665,1.845,0.005645653032371135,0.659,248.43,far
B-6511502A,uni,2022-11-06 20:50:00,2022-11-07 02:40:00,350.0,71,0.01761026,2.056,0.005695436628767123,0.665,189.13,far
B-6511502A,uni,2022-11-22 10:30:00,2022-11-23 02:30:00,960.0,193,0.016454075,1.921,0.011545524985128204,1.348,173.56,far
B-6511502A,uni,2022-11-25 01:35:00,2022-11-25 07:20:00,345.0,70,0.01063646,1.242,0.0037719864694444444,0.44,170.93,far
B-6511502A,uni,2023-02-02 12:45:00,2023-02-02 13:10:00,25.0,6,0.0129051395,1.507,0.007500003887499999,0.876,101.47,far
B-6511502A,uni,2023-02-02 13:25:00,2023-02-02 17:15:00,230.0,47,0.0064305863,0.751,0.0019509916408163262,0.228,101.44,far
B-6511502A,uni,2023-02-25 19:05:00,2023-02-25 22:05:00,180.0,37,0.017569635,2.052,0.011503891038461538,1.343,78.2,far
B-6511502A,uni,2023-02-25 22:15:00,2023-02-26 02:45:00,270.0,55,0.013831445,1.615,0.0025983133385964912,0.303,78.07,far
B-6511502A,uni,2023-03-09 13:10:00,2023-03-09 13:10:00,0.0,1,0.009645377,1.126,0.009157905166666666,1.069,66.45,far
B-6511502A,uni,2023-03-09 13:30:00,2023-03-09 13:40:00,10.0,3,0.013624679,1.591,0.0125393161,1.464,66.44,far
B-6511502A,uni,2023-03-09 13:50:00,2023-03-09 20:05:00,375.0,76,0.013624679,1.591,0.004734902553846155,0.553,66.42,far
B-6511502A,uni,2023-03-10 08:10:00,2023-03-10 11:55:00,225.0,46,0.010918181,1.275,0.002524044170833333,0.295,65.66,far
B-6511502A,uni,2023-03-10 12:05:00,2023-03-10 12:55:00,50.0,11,0.0022205233,0.259,0.0015469913384615385,0.181,65.5,far
B-6511502A,uni,2023-03-23 16:30:00,2023-03-23 22:50:00,380.0,77,0.011047176,1.29,0.0050194696,0.586,52.31,far
B-6511502A,uni,2023-04-13 14:10:00,2023-04-13 14:40:00,30.0,7,0.013264195,1.549,0.012691573444444444,1.482,31.41,far
B-6511502A,uni,2023-05-13 03:50:00,2023-05-13 04:45:00,55.0,12,0.023917835,2.793,0.01979737828571429,2.312,1.84,near_48h
B-6511502A,uni,2023-05-13 05:00:00,2023-05-13 06:45:00,105.0,22,0.021443458,2.504,0.019118459208333334,2.232,1.79,near_48h
B-6511502A,uni,2023-05-13 06:55:00,2023-05-13 13:05:00,370.0,75,0.01866771,2.18,0.007183038902597401,0.839,1.71,near_48h
B-8801C,uni,2022-06-10 09:59:00,2022-06-10 11:50:00,111.0,112,0.004833325,2.188,0.0013713512013114751,0.621,755.58,far
B-8801C,uni,2024-03-17 05:10:00,2024-03-17 07:01:00,111.0,112,0.011031985,4.993,0.002389965645491803,1.082,109.78,far
B-8801C,uni,2024-05-12 15:14:00,2024-05-12 15:22:00,8.0,9,0.0028428913,1.287,0.0012934358484210525,0.585,53.37,far
B-8802B,uni,2022-05-15 05:04:00,2022-05-15 07:29:00,145.0,146,0.023003498,2.047,0.007123192744871794,0.634,52.21,far
B-8802B,uni,2022-05-15 17:20:00,2022-05-15 22:59:00,339.0,340,0.026529642,2.361,0.01604981652085714,1.428,51.69,far
B-8802B,uni,2022-05-15 23:21:00,2022-05-16 09:47:00,626.0,627,0.014859888,1.322,0.010655830369701727,0.948,51.44,far
B-8802B,uni,2022-05-16 11:29:00,2022-05-16 13:17:00,108.0,109,0.02395906,2.132,0.007826410787731095,0.696,50.94,far
B-8802B,uni,2022-05-18 12:54:00,2022-05-18 14:43:00,109.0,110,0.03716002,3.307,0.0065518810841666665,0.583,48.88,far
B-8802B,uni,2022-05-19 11:33:00,2022-05-19 12:31:00,58.0,59,0.025732517,2.29,0.004852347082608693,0.432,47.94,far
B-8802B,uni,2022-05-19 16:05:00,2022-05-19 17:04:00,59.0,60,0.019648869,1.748,0.006340716794285714,0.564,47.75,far
B-8802B,uni,2022-05-19 17:18:00,2022-05-19 19:10:00,112.0,113,0.02884629,2.567,0.007106670408130082,0.632,47.7,far
B-8802B,uni,2022-05-23 01:18:00,2022-05-23 02:16:00,58.0,59,0.026012147,2.315,0.002081154094202899,0.185,44.36,far
B-8802B,uni,2022-05-29 20:10:00,2022-05-29 21:07:00,57.0,58,0.012637974,1.125,0.008238326155882353,0.733,37.58,far
B-8802B,uni,2022-05-30 14:34:00,2022-05-30 16:29:00,115.0,116,0.021770248,1.937,0.007855234769841268,0.699,36.81,far
B-8802B,uni,2022-06-01 17:17:00,2022-06-01 19:10:00,113.0,114,0.03589714,3.194,0.011792579930645163,1.049,34.7,far
B-8802B,uni,2022-06-01 19:45:00,2022-06-01 20:55:00,70.0,71,0.0153636355,1.367,0.0079435959345679,0.707,34.59,far
B-8802B,uni,2022-06-06 16:35:00,2022-06-06 17:13:00,38.0,39,0.011245029,1.001,0.0049818603448979586,0.443,29.73,far
B-8802B,uni,2022-06-08 11:12:00,2022-06-08 13:25:00,133.0,134,0.030435625,2.708,0.008601312252777778,0.765,27.95,far
B-8802B,uni,2022-06-10 23:50:00,2022-06-11 00:48:00,58.0,59,0.018348996,1.633,0.007967206169565215,0.709,25.42,far
B-8802B,uni,2022-06-15 17:20:00,2022-06-15 17:21:00,1.0,2,0.012816938,1.14,0.007918056558333334,0.705,20.69,far
B-8802B,uni,2022-06-16 19:45:00,2022-06-16 21:37:00,112.0,113,0.055509083,4.939,0.018256906087804878,1.625,19.59,far
B-8802B,uni,2022-06-19 21:57:00,2022-06-19 23:25:00,88.0,89,0.023824839,2.12,0.006710374471717172,0.597,16.5,far
B-8802B,uni,2022-06-27 15:21:00,2022-06-27 16:57:00,96.0,97,0.022489645,2.001,0.00854651803364486,0.76,8.78,near_10d
B-8802B,uni,2022-07-04 05:59:00,2022-07-04 07:50:00,111.0,112,0.029182594,2.597,0.01107220687704918,0.985,2.17,near_10d
B-8802B,uni,2022-07-05 20:54:00,2022-07-06 00:09:00,195.0,196,0.011817431,1.052,0.010699996980582525,0.952,0.55,near_48h
B-8802B,uni,2022-07-06 00:24:00,2022-07-06 00:53:00,29.0,30,0.011471105,1.021,0.0107463272,0.956,0.4,near_48h
B-8802B,uni,2022-07-06 00:56:00,2022-07-06 12:12:00,676.0,677,0.061864797,5.505,0.013654473833857352,1.215,0.0,near_48h
B-8802B,uni,2022-07-07 16:47:00,2022-07-07 17:06:00,19.0,20,0.012144433,1.081,0.006835025663333333,0.608,1.28,near_48h
B-8802B,uni,2022-07-13 14:55:00,2022-07-13 15:53:00,58.0,59,0.013270377,1.181,0.009014506132173913,0.802,7.2,near_10d
B-8802B,uni,2022-07-13 18:56:00,2022-07-13 19:57:00,61.0,62,0.022507196,2.003,0.0054088721999999995,0.481,7.37,near_10d
B-8802B,uni,2022-07-18 15:22:00,2022-07-18 15:23:00,1.0,2,0.013880292,1.235,0.005637295024999999,0.502,12.22,far
B-90001A,uni,2020-12-16 18:02:00,2020-12-16 18:20:00,18.0,19,0.007074855,1.404,0.003918300624137932,0.778,254.25,far
B-90001A,uni,2020-12-16 18:22:00,2020-12-16 18:22:00,0.0,1,0.0031909773,0.633,0.0030910995727272727,0.614,254.23,far
B-90001A,uni,2020-12-16 18:26:00,2020-12-16 18:59:00,33.0,34,0.008996607,1.786,0.002917214056136364,0.579,254.23,far
B-90001A,uni,2020-12-17 08:31:00,2020-12-17 08:37:00,6.0,7,0.0112999715,2.243,0.005846114905882353,1.16,253.65,far
B-90001A,uni,2020-12-17 08:39:00,2020-12-17 08:39:00,0.0,1,0.006958475,1.381,0.00551996829090909,1.096,253.64,far
B-90001A,uni,2020-12-17 08:42:00,2020-12-17 08:43:00,1.0,2,0.0075931293,1.507,0.006015969683333334,1.194,253.64,far
B-90001A,uni,2020-12-17 08:45:00,2020-12-17 10:16:00,91.0,92,0.0078094453,1.55,0.003007808823921569,0.597,253.64,far
B-90001A,uni,2020-12-17 12:36:00,2020-12-17 12:54:00,18.0,19,0.009216794,1.829,0.005544715544827586,1.101,253.47,far
B-90001A,uni,2020-12-17 12:57:00,2020-12-17 13:04:00,7.0,8,0.007925061,1.573,0.005699864533333333,1.131,253.46,far
B-90001A,uni,2020-12-17 13:06:00,2020-12-17 14:28:00,82.0,83,0.014850789,2.948,0.0032526503969892463,0.646,253.45,far
B-90001A,uni,2020-12-18 02:00:00,2020-12-18 03:24:00,84.0,85,0.0067240507,1.335,0.00362553415631579,0.72,252.92,far
B-90001A,uni,2020-12-18 03:26:00,2020-12-18 03:27:00,1.0,2,0.010337876,2.052,0.0032885268575,0.653,252.86,far
B-90001A,uni,2020-12-18 03:29:00,2020-12-18 03:29:00,0.0,1,0.013220579,2.624,0.005641162554545455,1.12,252.85,far
B-90001A,uni,2020-12-18 04:22:00,2020-12-18 05:22:00,60.0,61,0.009424154,1.871,0.0018530129830985908,0.368,252.82,far
B-90001A,uni,2020-12-19 12:25:00,2020-12-19 13:24:00,59.0,60,0.008406719,1.669,0.002222553625714286,0.441,251.48,far
B-90001A,uni,2020-12-19 15:33:00,2020-12-19 15:37:00,4.0,5,0.0068814764,1.366,0.0023824367653333327,0.473,251.35,far
B-90001A,uni,2020-12-29 11:23:00,2020-12-29 11:23:00,0.0,1,0.011883104,2.359,0.007647820854545454,1.518,241.53,far
B-90001A,uni,2020-12-29 11:25:00,2020-12-29 13:06:00,101.0,102,0.009534194,1.892,0.0026727966719642857,0.531,241.52,far
B-90001A,uni,2020-12-31 02:12:00,2020-12-31 02:13:00,1.0,2,0.0069582877,1.381,0.005222844533333333,1.037,239.91,far
B-90001A,uni,2020-12-31 02:15:00,2020-12-31 03:09:00,54.0,55,0.0069582877,1.381,0.002273781183692308,0.451,239.91,far
B-90001A,uni,2020-12-31 14:08:00,2020-12-31 14:55:00,47.0,48,0.010729354,2.13,0.004766658844827587,0.946,239.41,far
B-90001A,uni,2020-12-31 14:57:00,2020-12-31 16:02:00,65.0,66,0.010729354,2.13,0.003596828819210527,0.714,239.38,far
B-90001A,uni,2020-12-31 16:04:00,2020-12-31 16:50:00,46.0,47,0.002924762,0.581,0.0008121352708771929,0.161,239.33,far
B-90001A,uni,2020-12-31 18:21:00,2020-12-31 18:30:00,9.0,10,0.008158024,1.619,0.004803674345,0.953,239.24,far
B-90001A,uni,2020-12-31 18:32:00,2020-12-31 20:26:00,114.0,115,0.012009682,2.384,0.0032105024234400006,0.637,239.23,far
B-90001A,uni,2021-01-02 13:25:00,2021-01-02 13:57:00,32.0,33,0.0071754633,1.424,0.0021182801276744185,0.42,237.44,far
B-90001A,uni,2021-01-02 13:59:00,2021-01-02 13:59:00,0.0,1,0.0044038086,0.874,0.0020098871045454545,0.399,237.42,far
B-90001A,uni,2021-01-02 14:01:00,2021-01-02 14:01:00,0.0,1,0.0044038086,0.874,0.0024396207045454545,0.484,237.42,far
B-90001A,uni,2021-01-02 14:03:00,2021-01-02 14:23:00,20.0,21,0.0047860495,0.95,0.00283567659516129,0.563,237.41,far
B-90001A,uni,2021-01-05 11:54:00,2021-01-05 12:55:00,61.0,62,0.0063050482,1.252,0.0016634523595833335,0.33,234.5,far
B-90001A,uni,2021-01-06 11:06:00,2021-01-06 11:13:00,7.0,8,0.011373131,2.257,0.003080373626111111,0.611,233.54,far
B-90001A,uni,2021-01-06 22:09:00,2021-01-06 22:34:00,25.0,26,0.010250014,2.035,0.0041420365583333335,0.822,233.08,far
B-90001A,uni,2021-01-06 22:36:00,2021-01-06 22:38:00,2.0,3,0.0069278786,1.375,0.004531896876923077,0.9,233.06,far
B-90001A,uni,2021-01-06 22:40:00,2021-01-06 22:41:00,1.0,2,0.0073039597,1.45,0.005302303049999999,1.052,233.06,far
B-90001A,uni,2021-01-06 22:43:00,2021-01-06 22:43:00,0.0,1,0.0073039597,1.45,0.006064232027272728,1.204,233.05,far
B-90001A,uni,2021-01-06 22:45:00,2021-01-07 00:01:00,76.0,77,0.008753058,1.737,0.00337085530908046,0.669,233.05,far
B-90001A,uni,2021-01-07 10:36:00,2021-01-07 10:37:00,1.0,2,0.0066258665,1.315,0.003945439066666666,0.783,232.56,far
B-90001A,uni,2021-01-07 10:39:00,2021-01-07 10:45:00,6.0,7,0.0053250664,1.057,0.0026699672529411763,0.53,232.56,far
B-90001A,uni,2021-01-07 10:47:00,2021-01-07 11:29:00,42.0,43,0.0041123955,0.816,0.0018663904118867928,0.37,232.55,far
B-90001A,uni,2021-01-07 12:03:00,2021-01-07 13:52:00,109.0,110,0.013152983,2.611,0.0033223202396666664,0.659,232.5,far
B-90001A,uni,2021-01-08 15:59:00,2021-01-08 16:58:00,59.0,60,0.006566344,1.303,0.0027831219912857145,0.552,231.33,far
B-90001A,uni,2021-01-09 12:52:00,2021-01-09 13:17:00,25.0,26,0.013565167,2.693,0.004561577219444443,0.905,230.46,far
B-90001A,uni,2021-01-09 13:21:00,2021-01-09 13:21:00,0.0,1,0.013565167,2.693,0.008228077754545456,1.633,230.44,far
B-90001A,uni,2021-01-09 13:23:00,2021-01-09 15:15:00,112.0,113,0.013565167,2.693,0.003924413944715447,0.779,230.44,far
B-90001A,uni,2021-01-09 16:49:00,2021-01-09 17:03:00,14.0,15,0.009912985,1.968,0.006151146368,1.221,230.3,far
B-90001A,uni,2021-01-09 17:05:00,2021-01-09 17:05:00,0.0,1,0.008780253,1.743,0.006183974609090909,1.227,230.29,far
B-90001A,uni,2021-01-09 17:07:00,2021-01-09 17:10:00,3.0,4,0.008780253,1.743,0.0066513123857142855,1.32,230.29,far
B-90001A,uni,2021-01-09 17:12:00,2021-01-09 18:33:00,81.0,82,0.010713837,2.127,0.0035484202386956527,0.704,230.28,far
B-90001A,uni,2021-01-09 18:35:00,2021-01-09 18:38:00,3.0,4,0.0006913692,0.137,0.0005398377049999999,0.107,230.23,far
B-90001A,uni,2021-01-10 21:22:00,2021-01-10 22:58:00,96.0,97,0.011155016,2.214,0.0027696620958878515,0.55,229.11,far
B-90001A,uni,2021-01-11 19:42:00,2021-01-11 19:42:00,0.0,1,0.007446672,1.478,0.005482019172727273,1.088,228.18,far
B-90001A,uni,2021-01-11 19:44:00,2021-01-11 19:46:00,2.0,3,0.007446672,1.478,0.00551264266923077,1.094,228.18,far
B-90001A,uni,2021-01-11 19:49:00,2021-01-11 19:50:00,1.0,2,0.0064002625,1.27,0.005495750075,1.091,228.17,far
B-90001A,uni,2021-01-11 19:52:00,2021-01-11 20:54:00,62.0,63,0.0064002625,1.27,0.0026862692675342467,0.533,228.17,far
B-90001A,uni,2021-01-12 03:00:00,2021-01-12 03:59:00,59.0,60,0.010677219,2.119,0.003779749995285714,0.75,227.88,far
B-90001A,uni,2021-01-17 12:40:00,2021-01-17 13:20:00,40.0,41,0.015193208,3.016,0.006375599988235294,1.266,222.47,far
B-90001A,uni,2021-01-17 13:23:00,2021-01-17 15:13:00,110.0,111,0.015869128,3.15,0.004731145408842975,0.939,222.44,far
B-90001A,uni,2021-01-17 15:15:00,2021-01-17 15:15:00,0.0,1,0.0032687455,0.649,0.0013109637918181816,0.26,222.36,far
B-90001A,uni,2021-01-18 16:39:00,2021-01-18 16:40:00,1.0,2,0.010906165,2.165,0.007195592025,1.428,221.31,far
B-90001A,uni,2021-01-18 16:42:00,2021-01-18 17:58:00,76.0,77,0.010949724,2.173,0.0041641506659770115,0.827,221.3,far
B-90001A,uni,2021-01-18 18:06:00,2021-01-18 18:24:00,18.0,19,0.0031496997,0.625,0.0019352501862068968,0.384,221.25,far
B-90001A,uni,2021-01-19 12:27:00,2021-01-19 12:32:00,5.0,6,0.009425607,1.871,0.006323519875000001,1.255,220.48,far
B-90001A,uni,2021-01-19 12:34:00,2021-01-19 12:34:00,0.0,1,0.0077283797,1.534,0.005162171472727272,1.025,220.48,far
B-90001A,uni,2021-01-19 12:36:00,2021-01-19 13:29:00,53.0,54,0.0068359054,1.357,0.00303836423,0.603,220.47,far
B-90001A,uni,2021-01-20 23:20:00,2021-01-21 00:15:00,55.0,56,0.0058556045,1.162,0.002358972483636364,0.468,219.03,far
B-90001A,uni,2021-01-21 09:43:00,2021-01-21 11:33:00,110.0,111,0.011691502,2.321,0.004003784638595041,0.795,218.6,far
B-90001A,uni,2021-01-24 17:09:00,2021-01-24 17:11:00,2.0,3,0.006571242,1.304,0.0043216830076923075,0.858,215.29,far
B-90001A,uni,2021-01-24 17:55:00,2021-01-24 18:05:00,10.0,11,0.005654527,1.122,0.002829607879047619,0.562,215.25,far
B-90001A,uni,2021-01-26 12:50:00,2021-01-26 13:08:00,18.0,19,0.010593565,2.103,0.0035147806344827583,0.698,213.47,far
B-90001A,uni,2021-01-26 13:10:00,2021-01-26 13:44:00,34.0,35,0.004970045,0.987,0.0021922422562222223,0.435,213.45,far
B-90001A,uni,2021-01-29 15:49:00,2021-01-29 15:51:00,2.0,3,0.00712102,1.413,0.005207312984615384,1.034,210.34,far
B-90001A,uni,2021-01-29 15:53:00,2021-01-29 15:57:00,4.0,5,0.0051742312,1.027,0.004909061513333334,0.974,210.34,far
B-90001A,uni,2021-01-29 15:59:00,2021-01-29 17:14:00,75.0,76,0.008562652,1.7,0.0026522939798837215,0.526,210.33,far
B-90001A,uni,2021-02-09 20:38:00,2021-02-09 22:18:00,100.0,101,0.009025943,1.792,0.002951572654594594,0.586,199.14,far
B-90001A,uni,2021-02-10 03:01:00,2021-02-10 04:03:00,62.0,63,0.008468329,1.681,0.0032688264172602735,0.649,198.87,far
B-90001A,uni,2021-02-14 15:18:00,2021-02-14 15:18:00,0.0,1,0.0069385394,1.377,0.005306248536363636,1.053,194.36,far
B-90001A,uni,2021-02-14 15:20:00,2021-02-14 16:21:00,61.0,62,0.0069385394,1.377,0.0020889521212499994,0.415,194.36,far
B-90001A,uni,2021-02-18 12:58:00,2021-02-18 13:28:00,30.0,31,0.011172336,2.218,0.0042904494487804885,0.852,190.46,far
B-90001A,uni,2021-02-18 13:30:00,2021-02-18 13:31:00,1.0,2,0.0066511948,1.32,0.004187333308333333,0.831,190.44,far
B-90001A,uni,2021-02-18 13:33:00,2021-02-18 13:33:00,0.0,1,0.0066511948,1.32,0.0048025754454545455,0.953,190.44,far
B-90001A,uni,2021-02-18 13:35:00,2021-02-18 13:37:00,2.0,3,0.0066511948,1.32,0.005405496523076923,1.073,190.43,far
B-90001A,uni,2021-02-18 13:39:00,2021-02-18 14:44:00,65.0,66,0.01003328,1.992,0.002865731055526316,0.569,190.43,far
B-90001A,uni,2021-02-19 21:05:00,2021-02-19 22:08:00,63.0,64,0.010345806,2.054,0.0045085680190540545,0.895,189.12,far
B-90001A,uni,2021-02-19 22:12:00,2021-02-19 22:23:00,11.0,12,0.003064859,0.608,0.0008061905768181818,0.16,189.07,far
B-90001A,uni,2021-02-19 22:25:00,2021-02-19 22:26:00,1.0,2,0.0032124913,0.638,0.0015025926191666664,0.298,189.07,far
B-90001A,uni,2021-02-19 22:30:00,2021-02-19 22:30:00,0.0,1,0.0032124913,0.638,0.0023222314272727273,0.461,189.06,far
B-90001A,uni,2021-02-19 22:32:00,2021-02-19 22:36:00,4.0,5,0.0032124913,0.638,0.0024276286866666674,0.482,189.06,far
B-90001A,uni,2021-02-19 22:38:00,2021-02-19 22:49:00,11.0,12,0.002860257,0.568,0.0021291073045454547,0.423,189.06,far
B-90001A,uni,2021-02-19 22:51:00,2021-02-19 22:52:00,1.0,2,0.0021633804,0.429,0.0020397934083333335,0.405,189.05,far
B-90001A,uni,2021-02-22 06:35:00,2021-02-22 07:31:00,56.0,57,0.0068796617,1.366,0.002036720005820896,0.404,186.73,far
B-90001A,uni,2021-02-25 01:52:00,2021-02-25 01:56:00,4.0,5,0.009790384,1.943,0.005998817000000001,1.191,183.92,far
B-90001A,uni,2021-02-25 02:00:00,2021-02-25 02:09:00,9.0,10,0.0055384487,1.099,0.004881143685,0.969,183.92,far
B-90001A,uni,2021-02-25 02:11:00,2021-02-25 02:41:00,30.0,31,0.008920161,1.771,0.005241058346341464,1.04,183.91,far
B-90001A,uni,2021-02-25 02:49:00,2021-02-25 02:50:00,1.0,2,0.008124172,1.613,0.006034718800000001,1.198,183.88,far
B-90001A,uni,2021-02-25 02:52:00,2021-02-25 02:56:00,4.0,5,0.008124172,1.613,0.00586742778,1.165,183.88,far
B-90001A,uni,2021-02-25 02:59:00,2021-02-25 04:38:00,99.0,100,0.009228758,1.832,0.0026816793001818184,0.532,183.88,far
B-90001A,uni,2021-02-25 06:32:00,2021-02-25 06:46:00,14.0,15,0.006003989,1.192,0.0030622898452000004,0.608,183.73,far
B-90001A,uni,2021-02-25 12:45:00,2021-02-25 12:50:00,5.0,6,0.0058378964,1.159,0.0029429018025,0.584,183.47,far
B-90001A,uni,2021-02-25 16:14:00,2021-02-25 17:53:00,99.0,100,0.0111085065,2.205,0.0031649959638181814,0.628,183.32,far
B-90001A,uni,2021-02-26 15:03:00,2021-02-26 15:05:00,2.0,3,0.0064858417,1.287,0.005365574592307692,1.065,182.37,far
B-90001A,uni,2021-02-26 15:07:00,2021-02-26 15:23:00,16.0,17,0.006293607,1.249,0.003833852192592593,0.761,182.37,far
B-90001A,uni,2021-02-26 15:32:00,2021-02-26 15:33:00,1.0,2,0.011678368,2.318,0.005858590333333333,1.163,182.35,far
B-90001A,uni,2021-02-26 15:36:00,2021-02-26 15:37:00,1.0,2,0.011678368,2.318,0.006629340708333334,1.316,182.35,far
B-90001A,uni,2021-02-26 15:39:00,2021-02-26 16:52:00,73.0,74,0.011678368,2.318,0.0037680332455952386,0.748,182.35,far
B-90001A,uni,2021-02-26 22:43:00,2021-02-26 23:39:00,56.0,57,0.0075049866,1.49,0.001117519242089552,0.222,182.05,far
B-90001A,uni,2021-03-02 02:15:00,2021-03-02 02:16:00,1.0,2,0.005835557,1.158,0.003923671241666667,0.779,178.91,far
B-90001A,uni,2021-03-02 02:18:00,2021-03-02 03:04:00,46.0,47,0.005835557,1.158,0.002063998991403509,0.41,178.9,far
B-90001A,uni,2021-03-02 04:22:00,2021-03-02 05:20:00,58.0,59,0.00614548,1.22,0.0031586751423188413,0.627,178.82,far
B-90001A,uni,2021-03-04 14:11:00,2021-03-04 14:21:00,10.0,11,0.006994486,1.388,0.0051862553666666665,1.029,176.41,far
B-90001A,uni,2021-03-04 14:23:00,2021-03-04 14:46:00,23.0,24,0.0065515446,1.3,0.005076875044117647,1.008,176.4,far
B-90001A,uni,2021-03-04 14:48:00,2021-03-04 15:51:00,63.0,64,0.006683153,1.327,0.001769314800945946,0.351,176.38,far
B-90001A,uni,2021-03-05 07:21:00,2021-03-05 08:19:00,58.0,59,0.008479562,1.683,0.0029366645795652173,0.583,175.69,far
B-90001A,uni,2021-03-05 15:27:00,2021-03-05 15:45:00,18.0,19,0.0075681703,1.502,0.005203069413793104,1.033,175.36,far
B-90001A,uni,2021-03-05 15:47:00,2021-03-05 15:47:00,0.0,1,0.006877282,1.365,0.0052319363,1.038,175.34,far
B-90001A,uni,2021-03-05 15:52:00,2021-03-05 16:05:00,13.0,14,0.006877282,1.365,0.004711857716666667,0.935,175.34,far
B-90001A,uni,2021-03-05 16:07:00,2021-03-05 16:11:00,4.0,5,0.007132238,1.416,0.004660906480000001,0.925,175.33,far
B-90001A,uni,2021-03-05 16:13:00,2021-03-05 16:56:00,43.0,44,0.007132238,1.416,0.002415607326666667,0.479,175.32,far
B-90001A,uni,2021-03-08 01:48:00,2021-03-08 01:53:00,5.0,6,0.0067094113,1.332,0.0036740403812500003,0.729,172.93,far
B-90001A,uni,2021-03-08 01:55:00,2021-03-08 01:58:00,3.0,4,0.002277966,0.452,0.0020950511714285715,0.416,172.92,far
B-90001A,uni,2021-03-08 02:01:00,2021-03-08 02:07:00,6.0,7,0.002277966,0.452,0.0020597177411764704,0.409,172.92,far
B-90001A,uni,2021-03-08 02:09:00,2021-03-08 02:44:00,35.0,36,0.00454406,0.902,0.0019231397313043475,0.382,172.91,far
B-90001A,uni,2021-03-12 10:11:00,2021-03-12 10:23:00,12.0,13,0.01505482,2.988,0.007286823121739131,1.446,168.58,far
B-90001A,uni,2021-03-12 10:25:00,2021-03-12 10:25:00,0.0,1,0.009057407,1.798,0.007050943218181819,1.4,168.57,far
B-90001A,uni,2021-03-12 10:28:00,2021-03-12 10:48:00,20.0,21,0.011005868,2.185,0.007644758129032257,1.517,168.56,far
B-90001A,uni,2021-03-12 10:50:00,2021-03-12 10:50:00,0.0,1,0.011005868,2.185,0.00843873050909091,1.675,168.55,far
B-90001A,uni,2021-03-12 10:52:00,2021-03-12 11:58:00,66.0,67,0.018354328,3.643,0.003450545194805194,0.685,168.55,far
B-90001A,uni,2021-03-13 20:09:00,2021-03-13 20:09:00,0.0,1,0.006260989,1.243,0.004916234036363636,0.976,167.16,far
B-90001A,uni,2021-03-13 20:11:00,2021-03-13 20:14:00,3.0,4,0.0061461385,1.22,0.004537523471428571,0.901,167.16,far
B-90001A,uni,2021-03-13 20:16:00,2021-03-13 21:23:00,67.0,68,0.006087956,1.208,0.0027121841267948713,0.538,167.16,far
B-90001A,uni,2021-03-14 15:22:00,2021-03-14 16:00:00,38.0,39,0.009566947,1.899,0.003700226512244898,0.734,166.36,far
B-90001A,uni,2021-03-14 16:16:00,2021-03-14 16:20:00,4.0,5,0.0076040262,1.509,0.002849027813333333,0.566,166.32,far
B-90001A,uni,2021-03-16 12:50:00,2021-03-16 13:03:00,13.0,14,0.009780233,1.941,0.0030258640641666664,0.601,164.47,far
B-90001A,uni,2021-03-16 13:26:00,2021-03-16 13:26:00,0.0,1,0.008412057,1.67,0.003942602453636364,0.783,164.44,far
B-90001A,uni,2021-03-16 13:28:00,2021-03-16 13:51:00,23.0,24,0.008412057,1.67,0.004093344938235295,0.812,164.44,far
B-90001A,uni,2021-03-16 14:18:00,2021-03-16 15:08:00,50.0,51,0.0086769955,1.722,0.002384137914754098,0.473,164.4,far
B-90001A,uni,2021-03-16 15:10:00,2021-03-16 15:11:00,1.0,2,0.00452592,0.898,0.0025664153416666666,0.509,164.37,far
B-90001A,uni,2021-03-16 15:14:00,2021-03-16 15:15:00,1.0,2,0.00452592,0.898,0.003461663908333333,0.687,164.37,far
B-90001A,uni,2021-03-22 11:29:00,2021-03-22 13:13:00,104.0,105,0.009280545,1.842,0.003137920635304348,0.623,158.52,far
B-90001A,uni,2021-03-24 17:07:00,2021-03-24 18:37:00,90.0,91,0.012352611,2.452,0.004366417275643565,0.867,156.29,far
B-90001A,uni,2021-04-01 09:29:00,2021-04-01 11:11:00,102.0,103,0.009570787,1.9,0.002947053868584071,0.585,148.6,far
B-90001A,uni,2021-04-01 15:33:00,2021-04-01 16:09:00,36.0,37,0.0064151944,1.273,0.003313136104255319,0.658,148.35,far
B-90001A,uni,2021-04-01 16:11:00,2021-04-01 16:11:00,0.0,1,0.005548671,1.101,0.0036532003818181818,0.725,148.33,far
B-90001A,uni,2021-04-01 16:15:00,2021-04-01 17:15:00,60.0,61,0.006046022,1.2,0.0027527412598591554,0.546,148.32,far
B-90001A,uni,2021-04-01 17:17:00,2021-04-01 17:18:00,1.0,2,0.004143666,0.822,0.002012578154166667,0.399,148.28,far
B-90001A,uni,2021-04-08 08:47:00,2021-04-08 10:02:00,75.0,76,0.0065746754,1.305,0.002660014559302326,0.528,141.63,far
B-90001A,uni,2021-04-09 15:26:00,2021-04-09 15:31:00,5.0,6,0.0082298275,1.634,0.0026086783125,0.518,140.36,far
B-90001A,uni,2021-04-09 16:18:00,2021-04-09 17:26:00,68.0,69,0.009423366,1.87,0.0037557386924050636,0.745,140.32,far
B-90001A,uni,2021-04-09 17:28:00,2021-04-09 17:28:00,0.0,1,0.0067094336,1.332,0.0026645384181818183,0.529,140.27,far
B-90001A,uni,2021-04-09 17:30:00,2021-04-09 17:30:00,0.0,1,0.0067094336,1.332,0.0032767384363636366,0.65,140.27,far
B-90001A,uni,2021-04-09 17:32:00,2021-04-09 17:33:00,1.0,2,0.0067094336,1.332,0.004042360116666667,0.802,140.27,far
B-90001A,uni,2021-04-09 17:35:00,2021-04-09 17:36:00,1.0,2,0.0067094336,1.332,0.004543153291666667,0.902,140.27,far
B-90001A,uni,2021-04-09 17:38:00,2021-04-09 17:45:00,7.0,8,0.005754163,1.142,0.0040135562388888876,0.797,140.27,far
B-90001A,uni,2021-04-09 17:47:00,2021-04-09 18:09:00,22.0,23,0.0037372133,0.742,0.0032876013272727274,0.653,140.26,far
B-90001A,uni,2021-04-10 05:34:00,2021-04-10 06:34:00,60.0,61,0.00865139,1.717,0.0034031384146478876,0.675,139.77,far
B-90001A,uni,2021-04-11 02:59:00,2021-04-11 03:00:00,1.0,2,0.00935304,1.857,0.005510965083333333,1.094,138.88,far
B-90001A,uni,2021-04-11 03:04:00,2021-04-11 04:32:00,88.0,89,0.0060223914,1.195,0.0027093100740404035,0.538,138.87,far
B-90001A,uni,2021-04-11 08:27:00,2021-04-11 08:36:00,9.0,10,0.0065855044,1.307,0.005172274095,1.027,138.65,far
B-90001A,uni,2021-04-11 08:38:00,2021-04-11 10:11:00,93.0,94,0.0071671475,1.423,0.0028331620705769234,0.562,138.64,far
B-90001A,uni,2021-04-22 12:02:00,2021-04-22 13:12:00,70.0,71,0.0060273944,1.196,0.0024154890433333337,0.479,127.5,far
B-90001A,uni,2021-04-28 22:47:00,2021-04-28 22:49:00,2.0,3,0.006826972,1.355,0.00539977183076923,1.072,121.05,far
B-90001A,uni,2021-05-05 13:59:00,2021-05-05 14:14:00,15.0,16,0.011414683,2.266,0.006459913576923077,1.282,114.42,far
B-90001A,uni,2021-05-05 14:16:00,2021-05-05 14:20:00,4.0,5,0.009510505,1.888,0.006839766393333335,1.358,114.41,far
B-90001A,uni,2021-05-05 14:22:00,2021-05-05 14:39:00,17.0,18,0.009036544,1.794,0.005479401914285714,1.088,114.4,far
B-90001A,uni,2021-05-05 14:41:00,2021-05-05 14:44:00,3.0,4,0.014978929,2.973,0.007067023128571428,1.403,114.39,far
B-90001A,uni,2021-05-05 14:47:00,2021-05-05 14:47:00,0.0,1,0.014978929,2.973,0.0092706036,1.84,114.38,far
B-90001A,uni,2021-05-05 14:52:00,2021-05-05 14:53:00,1.0,2,0.014978929,2.973,0.008372565766666668,1.662,114.38,far
B-90001A,uni,2021-05-05 14:55:00,2021-05-05 16:16:00,81.0,82,0.013795597,2.738,0.0046018336554347825,0.913,114.38,far
B-90001A,uni,2021-05-05 16:23:00,2021-05-05 16:34:00,11.0,12,0.0045890976,0.911,0.003162692331818182,0.628,114.32,far
B-90001A,uni,2021-05-06 00:00:00,2021-05-06 00:01:00,1.0,2,0.0059000645,1.171,0.0035294009166666664,0.701,114.0,far
B-90001A,uni,2021-05-06 00:03:00,2021-05-06 00:05:00,2.0,3,0.005261752,1.044,0.0023341563384615387,0.463,114.0,far
B-90001A,uni,2021-05-06 23:05:00,2021-05-06 23:09:00,4.0,5,0.008284488,1.644,0.0030186977039999997,0.599,113.04,far
B-90001A,uni,2021-05-08 13:38:00,2021-05-08 15:03:00,85.0,86,0.011455249,2.274,0.00381445102625,0.757,111.43,far
B-90001A,uni,2021-05-18 14:53:00,2021-05-18 15:00:00,7.0,8,0.008666865,1.72,0.006358078422222222,1.262,101.38,far
B-90001A,uni,2021-05-18 15:02:00,2021-05-18 15:21:00,19.0,20,0.01170301,2.323,0.006649963243333334,1.32,101.37,far
B-90001A,uni,2021-05-18 15:24:00,2021-05-18 15:24:00,0.0,1,0.01170301,2.323,0.008970291763636363,1.781,101.36,far
B-90001A,uni,2021-05-18 15:26:00,2021-05-18 15:28:00,2.0,3,0.01170301,2.323,0.009531114976923077,1.892,101.36,far
B-90001A,uni,2021-05-18 15:30:00,2021-05-18 15:35:00,5.0,6,0.0133316405,2.646,0.009576203275,1.901,101.35,far
B-90001A,uni,2021-05-18 15:37:00,2021-05-18 16:39:00,62.0,63,0.0133316405,2.646,0.0031065199865753425,0.617,101.35,far
B-90001A,uni,2021-05-24 03:11:00,2021-05-24 03:11:00,0.0,1,0.009359944,1.858,0.006455765481818182,1.281,95.87,far
B-90001A,uni,2021-05-24 03:13:00,2021-05-24 04:54:00,101.0,102,0.009204312,1.827,0.003144665479910714,0.624,95.87,far
B-90001A,uni,2021-05-27 10:09:00,2021-05-27 10:19:00,10.0,11,0.0064922203,1.289,0.004912064228571428,0.975,92.58,far
B-90001A,uni,2021-05-27 10:21:00,2021-05-27 10:41:00,20.0,21,0.0059361737,1.178,0.0031140591,0.618,92.57,far
B-90001A,uni,2021-05-27 10:43:00,2021-05-27 11:15:00,32.0,33,0.0053689703,1.066,0.0019370743720930235,0.384,92.55,far
B-90001A,uni,2021-05-30 12:17:00,2021-05-30 12:20:00,3.0,4,0.006618182,1.314,0.005473137742857144,1.086,89.49,far
B-90001A,uni,2021-05-30 12:23:00,2021-05-30 13:42:00,79.0,80,0.008483473,1.684,0.002885505575444444,0.573,89.48,far
B-90001A,uni,2021-06-02 06:44:00,2021-06-02 07:29:00,45.0,46,0.0083701825,1.661,0.0014867453382142856,0.295,86.72,far
B-90001A,uni,2021-06-02 07:31:00,2021-06-02 07:37:00,6.0,7,0.00091241946,0.181,0.0006999471305882352,0.139,86.69,far
B-90001A,uni,2021-06-03 11:50:00,2021-06-03 11:56:00,6.0,7,0.00872946,1.733,0.005981405664705883,1.187,85.51,far
B-90001A,uni,2021-06-03 11:59:00,2021-06-03 11:59:00,0.0,1,0.006482487,1.287,0.005028735645454545,0.998,85.5,far
B-90001A,uni,2021-06-03 12:01:00,2021-06-03 13:44:00,103.0,104,0.010286224,2.042,0.0033579013464035087,0.667,85.5,far
B-90001A,uni,2021-06-07 03:36:00,2021-06-07 03:36:00,0.0,1,0.006763175,1.342,0.005484306318181818,1.089,81.85,far
B-90001A,uni,2021-06-07 03:38:00,2021-06-07 04:11:00,33.0,34,0.006763175,1.342,0.004744862761363636,0.942,81.85,far
B-90001A,uni,2021-06-07 04:13:00,2021-06-07 04:42:00,29.0,30,0.010859809,2.156,0.0040865439425000006,0.811,81.82,far
B-90001A,uni,2021-06-07 04:44:00,2021-06-07 04:54:00,10.0,11,0.002063346,0.41,0.0016260617047619047,0.323,81.8,far
B-90001A,uni,2021-06-07 04:56:00,2021-06-07 05:23:00,27.0,28,0.0016447979,0.326,0.001278008872631579,0.254,81.79,far
B-90001A,uni,2021-06-09 16:49:00,2021-06-09 17:13:00,24.0,25,0.009513368,1.888,0.005865373097142856,1.164,79.3,far
B-90001A,uni,2021-06-09 17:16:00,2021-06-09 17:50:00,34.0,35,0.010944417,2.172,0.005681771137777779,1.128,79.28,far
B-90001A,uni,2021-06-09 17:52:00,2021-06-09 18:35:00,43.0,44,0.004072099,0.808,0.001615581175185185,0.321,79.26,far
B-90001A,uni,2021-06-14 09:49:00,2021-06-14 11:31:00,102.0,103,0.008711681,1.729,0.0029386851423893806,0.583,74.59,far
B-90001A,uni,2021-06-15 12:38:00,2021-06-15 14:24:00,106.0,107,0.012442066,2.47,0.002901913633846154,0.576,73.47,far
B-90001A,uni,2021-06-18 12:03:00,2021-06-18 13:08:00,65.0,66,0.006427922,1.276,0.0018315523889473682,0.364,70.5,far
B-90001A,uni,2021-06-24 09:43:00,2021-06-24 10:42:00,59.0,60,0.0073440564,1.458,0.0028430035271428573,0.564,64.6,far
B-90001A,uni,2021-06-25 16:00:00,2021-06-25 17:39:00,99.0,100,0.008212319,1.63,0.003102033706363637,0.616,63.33,far
B-90001A,uni,2021-06-28 18:28:00,2021-06-28 18:42:00,14.0,15,0.008438383,1.675,0.006107963032,1.212,60.23,far
B-90001A,uni,2021-06-28 18:46:00,2021-06-28 20:16:00,90.0,91,0.009026587,1.792,0.003434469107623763,0.682,60.22,far
B-90001A,uni,2021-06-29 14:44:00,2021-06-29 16:20:00,96.0,97,0.009141753,1.815,0.003598947166355141,0.714,59.39,far
B-90001A,uni,2021-06-29 18:27:00,2021-06-29 18:27:00,0.0,1,0.0065229055,1.295,0.00571582189090909,1.135,59.23,far
B-90001A,uni,2021-06-29 18:30:00,2021-06-29 18:30:00,0.0,1,0.0064640916,1.283,0.005431130090909091,1.078,59.23,far
B-90001A,uni,2021-06-29 18:32:00,2021-06-29 20:11:00,99.0,100,0.008138831,1.615,0.0030060947418181815,0.597,59.23,far
B-90001A,uni,2021-06-30 03:28:00,2021-06-30 04:25:00,57.0,58,0.005600226,1.112,0.0015763470072058822,0.313,58.86,far
B-90001A,uni,2021-06-30 14:18:00,2021-06-30 15:17:00,59.0,60,0.0058333525,1.158,0.0020848719114285714,0.414,58.4,far
B-90001A,uni,2021-07-02 23:49:00,2021-07-03 00:46:00,57.0,58,0.006553881,1.301,0.0025518473725,0.507,56.01,far
B-90001A,uni,2021-07-03 10:16:00,2021-07-03 10:21:00,5.0,6,0.010258982,2.036,0.0072307788625,1.435,55.57,far
B-90001A,uni,2021-07-03 10:23:00,2021-07-03 10:24:00,1.0,2,0.011657679,2.314,0.008135312933333335,1.615,55.57,far
B-90001A,uni,2021-07-03 10:27:00,2021-07-03 10:33:00,6.0,7,0.011657679,2.314,0.008659453752941177,1.719,55.56,far
B-90001A,uni,2021-07-03 10:35:00,2021-07-03 12:15:00,100.0,101,0.013893595,2.758,0.004107106710360361,0.815,55.56,far
B-90001A,uni,2021-07-03 19:21:00,2021-07-03 19:57:00,36.0,37,0.007606503,1.51,0.002418820574468085,0.48,55.19,far
B-90001A,uni,2021-07-03 20:00:00,2021-07-03 20:03:00,3.0,4,0.0026432825,0.525,0.0018634296571428573,0.37,55.17,far
B-90001A,uni,2021-07-03 20:06:00,2021-07-03 20:20:00,14.0,15,0.0024762547,0.492,0.001930644784,0.383,55.16,far
B-90001A,uni,2021-07-03 22:07:00,2021-07-03 22:27:00,20.0,21,0.0064951163,1.289,0.005224526422580644,1.037,55.08,far
B-90001A,uni,2021-07-03 22:29:00,2021-07-03 22:41:00,12.0,13,0.00613221,1.217,0.00485184242173913,0.963,55.06,far
B-90001A,uni,2021-07-03 22:44:00,2021-07-03 22:44:00,0.0,1,0.0048672403,0.966,0.004294924354545454,0.853,55.05,far
B-90001A,uni,2021-07-03 22:46:00,2021-07-03 23:54:00,68.0,69,0.009022085,1.791,0.003098052886075949,0.615,55.05,far
B-90001A,uni,2021-07-04 09:55:00,2021-07-04 10:47:00,52.0,53,0.006640979,1.318,0.002396284587301587,0.476,54.59,far
B-90001A,uni,2021-07-04 10:53:00,2021-07-04 10:53:00,0.0,1,0.0053619114,1.064,0.0038519410545454547,0.765,54.55,far
B-90001A,uni,2021-07-04 11:07:00,2021-07-04 11:11:00,4.0,5,0.0061608865,1.223,0.00516813988,1.026,54.54,far
B-90001A,uni,2021-07-04 11:13:00,2021-07-04 11:44:00,31.0,32,0.008169649,1.622,0.0049428716,0.981,54.53,far
B-90001A,uni,2021-07-04 11:51:00,2021-07-04 11:51:00,0.0,1,0.008169649,1.622,0.005912022881818182,1.173,54.51,far
B-90001A,uni,2021-07-04 11:55:00,2021-07-04 11:55:00,0.0,1,0.006529116,1.296,0.004870366536363636,0.967,54.5,far
B-90001A,uni,2021-07-04 11:59:00,2021-07-04 11:59:00,0.0,1,0.00610225,1.211,0.004652587754545455,0.924,54.5,far
B-90001A,uni,2021-07-04 12:01:00,2021-07-04 12:03:00,2.0,3,0.0055666687,1.105,0.004557101846153847,0.905,54.5,far
B-90001A,uni,2021-07-04 12:05:00,2021-07-04 13:42:00,97.0,98,0.006371895,1.265,0.003156191582314814,0.626,54.5,far
B-90001A,uni,2021-07-05 11:46:00,2021-07-05 11:46:00,0.0,1,0.011572204,2.297,0.006105009354545454,1.212,53.51,far
B-90001A,uni,2021-07-05 11:49:00,2021-07-05 12:15:00,26.0,27,0.0084669925,1.681,0.004743969843243242,0.942,53.51,far
B-90001A,uni,2021-07-05 12:20:00,2021-07-05 12:20:00,0.0,1,0.0084669925,1.681,0.00661002,1.312,53.49,far
B-90001A,uni,2021-07-05 12:23:00,2021-07-05 12:23:00,0.0,1,0.0076499125,1.518,0.006188300963636364,1.228,53.48,far
B-90001A,uni,2021-07-05 12:25:00,2021-07-05 12:25:00,0.0,1,0.0064696907,1.284,0.005941793763636363,1.179,53.48,far
B-90001A,uni,2021-07-05 12:27:00,2021-07-05 12:27:00,0.0,1,0.007238363,1.437,0.006052105927272728,1.201,53.48,far
B-90001A,uni,2021-07-05 12:30:00,2021-07-05 13:36:00,66.0,67,0.011541438,2.291,0.0033690343689610387,0.669,53.48,far
B-90001A,uni,2021-07-05 16:07:00,2021-07-05 16:10:00,3.0,4,0.009778486,1.941,0.007539561421428572,1.497,53.33,far
B-90001A,uni,2021-07-05 16:12:00,2021-07-05 16:14:00,2.0,3,0.008821159,1.751,0.007334268392307692,1.456,53.33,far
B-90001A,uni,2021-07-05 16:16:00,2021-07-05 17:55:00,99.0,100,0.012695223,2.52,0.004306086971818182,0.855,53.32,far
B-90001A,uni,2021-07-06 16:01:00,2021-07-06 16:18:00,17.0,18,0.012802098,2.541,0.00650945732142857,1.292,52.33,far
B-90001A,uni,2021-07-06 16:21:00,2021-07-06 16:24:00,3.0,4,0.011898533,2.362,0.0073153593571428565,1.452,52.32,far
B-90001A,uni,2021-07-06 16:26:00,2021-07-06 16:38:00,12.0,13,0.011898533,2.362,0.00786851191304348,1.562,52.32,far
B-90001A,uni,2021-07-06 16:40:00,2021-07-06 18:12:00,92.0,93,0.013330326,2.646,0.003939065786407767,0.782,52.31,far
B-90001A,uni,2021-07-07 23:24:00,2021-07-07 23:51:00,27.0,28,0.0062254057,1.236,0.003005961407894737,0.597,51.02,far
B-90001A,uni,2021-07-08 09:59:00,2021-07-08 10:58:00,59.0,60,0.00889194,1.765,0.0029392109842857144,0.583,50.58,far
B-90001A,uni,2021-07-10 12:42:00,2021-07-10 12:51:00,9.0,10,0.01030047,2.045,0.006581091359999999,1.306,48.47,far
B-90001A,uni,2021-07-10 12:53:00,2021-07-10 13:56:00,63.0,64,0.006432699,1.277,0.003462336366621621,0.687,48.46,far
B-90001A,uni,2021-07-11 08:33:00,2021-07-11 10:12:00,99.0,100,0.007952298,1.578,0.003244445101818182,0.644,47.64,far
B-90001A,uni,2021-07-11 23:49:00,2021-07-11 23:50:00,1.0,2,0.0076335995,1.515,0.006122764883333333,1.215,47.01,far
B-90001A,uni,2021-07-11 23:53:00,2021-07-11 23:55:00,2.0,3,0.0076335995,1.515,0.006789229430769229,1.348,47.0,far
B-90001A,uni,2021-07-11 23:58:00,2021-07-12 01:19:00,81.0,82,0.007388212,1.467,0.00336416475826087,0.668,47.0,far
B-90001A,uni,2021-07-13 14:23:00,2021-07-13 14:54:00,31.0,32,0.009148007,1.816,0.004558693269047619,0.905,45.4,far
B-90001A,uni,2021-07-13 14:56:00,2021-07-13 14:56:00,0.0,1,0.009148007,1.816,0.005747550718181818,1.141,45.38,far
B-90001A,uni,2021-07-13 14:58:00,2021-07-13 15:00:00,2.0,3,0.009148007,1.816,0.005006312530769231,0.994,45.38,far
B-90001A,uni,2021-07-13 15:02:00,2021-07-13 16:02:00,60.0,61,0.009148007,1.816,0.0032069262047887325,0.637,45.37,far
B-90001A,uni,2021-07-24 00:46:00,2021-07-24 00:54:00,8.0,9,0.005923304,1.176,0.005306293978947369,1.053,34.97,far
B-90001A,uni,2021-07-24 00:56:00,2021-07-24 00:57:00,1.0,2,0.005923304,1.176,0.005509401091666667,1.094,34.96,far
B-90001A,uni,2021-07-24 00:59:00,2021-07-24 02:25:00,86.0,87,0.009024872,1.791,0.0036056891814432992,0.716,34.96,far
B-90001A,uni,2021-07-24 06:22:00,2021-07-24 06:37:00,15.0,16,0.010634894,2.111,0.005156348003846154,1.023,34.73,far
B-90001A,uni,2021-07-24 06:39:00,2021-07-24 06:43:00,4.0,5,0.0072660926,1.442,0.005388889599999999,1.07,34.72,far
B-90001A,uni,2021-07-24 06:45:00,2021-07-24 07:51:00,66.0,67,0.0072660926,1.442,0.0023806769661038956,0.473,34.72,far
B-90001A,uni,2021-07-29 23:54:00,2021-07-29 23:55:00,1.0,2,0.010600248,2.104,0.008215336025,1.631,29.0,far
B-90001A,uni,2021-07-29 23:57:00,2021-07-29 23:57:00,0.0,1,0.010600248,2.104,0.00846121718181818,1.679,29.0,far
B-90001A,uni,2021-07-29 23:59:00,2021-07-30 00:10:00,11.0,12,0.010600248,2.104,0.009007698340909089,1.788,29.0,far
B-90001A,uni,2021-07-30 00:12:00,2021-07-30 00:43:00,31.0,32,0.010566948,2.097,0.006592307933333334,1.309,28.99,far
B-90001A,uni,2021-07-30 00:45:00,2021-07-30 00:55:00,10.0,11,0.005037869,1.0,0.0028286557242857145,0.561,28.97,far
B-90001A,uni,2021-07-30 00:57:00,2021-07-30 01:34:00,37.0,38,0.0047407947,0.941,0.0009597072095833334,0.19,28.96,far
B-90001A,uni,2021-08-07 00:34:00,2021-08-07 00:39:00,5.0,6,0.007446833,1.478,0.0056162817937500005,1.115,20.98,far
B-90001A,uni,2021-08-07 00:41:00,2021-08-07 00:44:00,3.0,4,0.005931787,1.177,0.005293033271428571,1.051,20.97,far
B-90001A,uni,2021-08-07 00:46:00,2021-08-07 02:20:00,94.0,95,0.0076378756,1.516,0.0028486085171428566,0.565,20.97,far
B-90001A,uni,2021-08-07 14:39:00,2021-08-07 14:39:00,0.0,1,0.007660181,1.52,0.005221325418181818,1.036,20.39,far
B-90001A,uni,2021-08-07 14:41:00,2021-08-07 14:45:00,4.0,5,0.007660181,1.52,0.004250494302,0.844,20.39,far
B-90001A,uni,2021-08-07 14:47:00,2021-08-07 14:47:00,0.0,1,0.005324019,1.057,0.003013649693636364,0.598,20.38,far
B-90001A,uni,2021-08-07 14:49:00,2021-08-07 14:51:00,2.0,3,0.0043554483,0.865,0.0027625293869230766,0.548,20.38,far
B-90001A,uni,2021-08-07 14:53:00,2021-08-07 15:36:00,43.0,44,0.0043554483,0.865,0.0021891164944444447,0.435,20.38,far
B-90001A,uni,2021-08-09 11:29:00,2021-08-09 11:31:00,2.0,3,0.012536417,2.488,0.009039578153846154,1.794,18.52,far
B-90001A,uni,2021-08-09 11:33:00,2021-08-09 11:43:00,10.0,11,0.016539274,3.283,0.010220012238095235,2.029,18.52,far
B-90001A,uni,2021-08-09 11:46:00,2021-08-09 13:15:00,89.0,90,0.016539274,3.283,0.0065945639142,1.309,18.51,far
B-90001A,uni,2021-08-09 13:17:00,2021-08-09 13:28:00,11.0,12,0.001023513,0.203,0.0007908558231818182,0.157,18.45,far
B-90001A,uni,2021-08-09 21:46:00,2021-08-09 23:29:00,103.0,104,0.011071269,2.198,0.003395740778508772,0.674,18.09,far
B-90001A,uni,2021-08-10 23:25:00,2021-08-10 23:27:00,2.0,3,0.0073805875,1.465,0.0059751471000000006,1.186,17.02,far
B-90001A,uni,2021-08-10 23:30:00,2021-08-10 23:34:00,4.0,5,0.006822589,1.354,0.005471760766666667,1.086,17.02,far
B-90001A,uni,2021-08-10 23:36:00,2021-08-11 01:07:00,91.0,92,0.009084602,1.803,0.0027934201359803923,0.554,17.02,far
B-90001A,uni,2021-08-11 06:40:00,2021-08-11 06:40:00,0.0,1,0.007771143,1.543,0.00703555980909091,1.397,16.72,far
B-90001A,uni,2021-08-11 06:42:00,2021-08-11 06:43:00,1.0,2,0.007456752,1.48,0.006839914516666666,1.358,16.72,far
B-90001A,uni,2021-08-11 06:45:00,2021-08-11 08:17:00,92.0,93,0.012086586,2.399,0.003630298265436893,0.721,16.72,far
B-90001A,uni,2021-08-11 09:43:00,2021-08-11 09:47:00,4.0,5,0.005829031,1.157,0.002837133184,0.563,16.6,far
B-90001A,uni,2021-08-12 11:46:00,2021-08-12 12:43:00,57.0,58,0.007856321,1.559,0.0025395572332352935,0.504,15.51,far
B-90001A,uni,2021-08-20 22:19:00,2021-08-20 22:25:00,6.0,7,0.00915972,1.818,0.005794113823529411,1.15,7.07,near_10d
B-90001A,uni,2021-08-20 22:27:00,2021-08-20 22:50:00,23.0,24,0.0068412423,1.358,0.0049269829294117645,0.978,7.06,near_10d
B-90001A,uni,2021-08-20 22:52:00,2021-08-20 23:08:00,16.0,17,0.010546084,2.093,0.005059519,1.004,7.05,near_10d
B-90001A,uni,2021-08-20 23:10:00,2021-08-21 00:04:00,54.0,55,0.010546084,2.093,0.0016767370089230767,0.333,7.03,near_10d
B-90001A,uni,2021-08-21 01:47:00,2021-08-21 01:54:00,7.0,8,0.008794095,1.746,0.006479568822222222,1.286,6.93,near_10d
B-90001A,uni,2021-08-21 01:56:00,2021-08-21 03:27:00,91.0,92,0.009179489,1.822,0.0028255088064705887,0.561,6.92,near_10d
B-90001A,uni,2021-08-21 10:47:00,2021-08-21 11:00:00,13.0,14,0.0062328903,1.237,0.0041131126541666665,0.816,6.55,near_10d
B-90001A,uni,2021-08-21 11:02:00,2021-08-21 11:21:00,19.0,20,0.0062835617,1.247,0.0036859141433333337,0.732,6.54,near_10d
B-90001A,uni,2021-08-21 11:23:00,2021-08-21 12:10:00,47.0,48,0.0057771476,1.147,0.0013003793346551727,0.258,6.53,near_10d
B-90001A,uni,2021-08-22 08:55:00,2021-08-22 09:02:00,7.0,8,0.011506977,2.284,0.008436190427777776,1.675,5.63,near_10d
B-90001A,uni,2021-08-22 09:05:00,2021-08-22 09:07:00,2.0,3,0.00809727,1.607,0.00794723126923077,1.577,5.62,near_10d
B-90001A,uni,2021-08-22 09:09:00,2021-08-22 10:38:00,89.0,90,0.009976093,1.98,0.0037205352302,0.738,5.62,near_10d
